sample_id,condition,composition,spirulina_percent,nacl_percent,group,sample,sample_type,region_number,grid_row,grid_col,measurement_type,band,range_cm-1,range_start_cm-1,range_end_cm-1,value,source_column
M1,ambient,15% spirulina / 85% NaCl,15,85,M1_ambient,average,average,,,,integral,Band1,4010-4192,4010,4192,0.0416831,I_Band1_4010-4192
M1,ambient,15% spirulina / 85% NaCl,15,85,M1_ambient,average,average,,,,integral,Band2,4192-4488,4192,4488,0.208119,I_Band2_4192-4488
M1,ambient,15% spirulina / 85% NaCl,15,85,M1_ambient,average,average,,,,integral,Band3,4488-4759,4488,4759,0.117199,I_Band3_4488-4759
M1,ambient,15% spirulina / 85% NaCl,15,85,M1_ambient,average,average,,,,integral,Band4,4759-4956,4759,4956,0.0588992,I_Band4_4759-4956
M1,ambient,15% spirulina / 85% NaCl,15,85,M1_ambient,average,average,,,,integral,Band5,4956-5414,4956,5414,0.567232,I_Band5_4956-5414
M1,ambient,15% spirulina / 85% NaCl,15,85,M1_ambient,average,average,,,,integral,Band6,5414-6065,5414,6065,0.222977,I_Band6_5414-6065
M1,ambient,15% spirulina / 85% NaCl,15,85,M1_ambient,average,average,,,,integral,Band7,6065-7568,6065,7568,0.784265,I_Band7_6065-7568
M1,ambient,15% spirulina / 85% NaCl,15,85,M1_ambient,average,average,,,,integral,Band8,7568-8980,7568,8980,0.0899113,I_Band8_7568-8980
M1,ambient,15% spirulina / 85% NaCl,15,85,M1_ambient,average,average,,,,peak_depth,Band1,4010-4192,4010,4192,0.000602268,P_Band1_4010-4192
M1,ambient,15% spirulina / 85% NaCl,15,85,M1_ambient,average,average,,,,peak_depth,Band2,4192-4488,4192,4488,0.00139618,P_Band2_4192-4488
M1,ambient,15% spirulina / 85% NaCl,15,85,M1_ambient,average,average,,,,peak_depth,Band3,4488-4759,4488,4759,0.000998908,P_Band3_4488-4759
M1,ambient,15% spirulina / 85% NaCl,15,85,M1_ambient,average,average,,,,peak_depth,Band4,4759-4956,4759,4956,0.000686541,P_Band4_4759-4956
M1,ambient,15% spirulina / 85% NaCl,15,85,M1_ambient,average,average,,,,peak_depth,Band5,4956-5414,4956,5414,0.00305298,P_Band5_4956-5414
M1,ambient,15% spirulina / 85% NaCl,15,85,M1_ambient,average,average,,,,peak_depth,Band6,5414-6065,5414,6065,0.000761155,P_Band6_5414-6065
M1,ambient,15% spirulina / 85% NaCl,15,85,M1_ambient,average,average,,,,peak_depth,Band7,6065-7568,6065,7568,0.00105799,P_Band7_6065-7568
M1,ambient,15% spirulina / 85% NaCl,15,85,M1_ambient,average,average,,,,peak_depth,Band8,7568-8980,7568,8980,0.000180631,P_Band8_7568-8980
M1,ambient,15% spirulina / 85% NaCl,15,85,M1_ambient,region_01,region,1.0,1.0,1.0,integral,Band1,4010-4192,4010,4192,-0.000391481,I_Band1_4010-4192
M1,ambient,15% spirulina / 85% NaCl,15,85,M1_ambient,region_01,region,1.0,1.0,1.0,integral,Band2,4192-4488,4192,4488,0.172817,I_Band2_4192-4488
M1,ambient,15% spirulina / 85% NaCl,15,85,M1_ambient,region_01,region,1.0,1.0,1.0,integral,Band3,4488-4759,4488,4759,0.0977606,I_Band3_4488-4759
M1,ambient,15% spirulina / 85% NaCl,15,85,M1_ambient,region_01,region,1.0,1.0,1.0,integral,Band4,4759-4956,4759,4956,0.0440119,I_Band4_4759-4956
M1,ambient,15% spirulina / 85% NaCl,15,85,M1_ambient,region_01,region,1.0,1.0,1.0,integral,Band5,4956-5414,4956,5414,0.547325,I_Band5_4956-5414
M1,ambient,15% spirulina / 85% NaCl,15,85,M1_ambient,region_01,region,1.0,1.0,1.0,integral,Band6,5414-6065,5414,6065,0.253976,I_Band6_5414-6065
M1,ambient,15% spirulina / 85% NaCl,15,85,M1_ambient,region_01,region,1.0,1.0,1.0,integral,Band7,6065-7568,6065,7568,0.717238,I_Band7_6065-7568
M1,ambient,15% spirulina / 85% NaCl,15,85,M1_ambient,region_01,region,1.0,1.0,1.0,integral,Band8,7568-8980,7568,8980,0.0765139,I_Band8_7568-8980
M1,ambient,15% spirulina / 85% NaCl,15,85,M1_ambient,region_01,region,1.0,1.0,1.0,peak_depth,Band1,4010-4192,4010,4192,0.000210359,P_Band1_4010-4192
M1,ambient,15% spirulina / 85% NaCl,15,85,M1_ambient,region_01,region,1.0,1.0,1.0,peak_depth,Band2,4192-4488,4192,4488,0.00126796,P_Band2_4192-4488
M1,ambient,15% spirulina / 85% NaCl,15,85,M1_ambient,region_01,region,1.0,1.0,1.0,peak_depth,Band3,4488-4759,4488,4759,0.000959544,P_Band3_4488-4759
M1,ambient,15% spirulina / 85% NaCl,15,85,M1_ambient,region_01,region,1.0,1.0,1.0,peak_depth,Band4,4759-4956,4759,4956,0.000701427,P_Band4_4759-4956
M1,ambient,15% spirulina / 85% NaCl,15,85,M1_ambient,region_01,region,1.0,1.0,1.0,peak_depth,Band5,4956-5414,4956,5414,0.00279907,P_Band5_4956-5414
M1,ambient,15% spirulina / 85% NaCl,15,85,M1_ambient,region_01,region,1.0,1.0,1.0,peak_depth,Band6,5414-6065,5414,6065,0.000812938,P_Band6_5414-6065
M1,ambient,15% spirulina / 85% NaCl,15,85,M1_ambient,region_01,region,1.0,1.0,1.0,peak_depth,Band7,6065-7568,6065,7568,0.00110411,P_Band7_6065-7568
M1,ambient,15% spirulina / 85% NaCl,15,85,M1_ambient,region_01,region,1.0,1.0,1.0,peak_depth,Band8,7568-8980,7568,8980,0.000189962,P_Band8_7568-8980
M1,ambient,15% spirulina / 85% NaCl,15,85,M1_ambient,region_02,region,2.0,1.0,2.0,integral,Band1,4010-4192,4010,4192,0.0259076,I_Band1_4010-4192
M1,ambient,15% spirulina / 85% NaCl,15,85,M1_ambient,region_02,region,2.0,1.0,2.0,integral,Band2,4192-4488,4192,4488,0.174846,I_Band2_4192-4488
M1,ambient,15% spirulina / 85% NaCl,15,85,M1_ambient,region_02,region,2.0,1.0,2.0,integral,Band3,4488-4759,4488,4759,0.0634932,I_Band3_4488-4759
M1,ambient,15% spirulina / 85% NaCl,15,85,M1_ambient,region_02,region,2.0,1.0,2.0,integral,Band4,4759-4956,4759,4956,0.0434204,I_Band4_4759-4956
M1,ambient,15% spirulina / 85% NaCl,15,85,M1_ambient,region_02,region,2.0,1.0,2.0,integral,Band5,4956-5414,4956,5414,0.524267,I_Band5_4956-5414
M1,ambient,15% spirulina / 85% NaCl,15,85,M1_ambient,region_02,region,2.0,1.0,2.0,integral,Band6,5414-6065,5414,6065,0.285655,I_Band6_5414-6065
M1,ambient,15% spirulina / 85% NaCl,15,85,M1_ambient,region_02,region,2.0,1.0,2.0,integral,Band7,6065-7568,6065,7568,0.931488,I_Band7_6065-7568
M1,ambient,15% spirulina / 85% NaCl,15,85,M1_ambient,region_02,region,2.0,1.0,2.0,integral,Band8,7568-8980,7568,8980,0.140257,I_Band8_7568-8980
M1,ambient,15% spirulina / 85% NaCl,15,85,M1_ambient,region_02,region,2.0,1.0,2.0,peak_depth,Band1,4010-4192,4010,4192,0.000369344,P_Band1_4010-4192
M1,ambient,15% spirulina / 85% NaCl,15,85,M1_ambient,region_02,region,2.0,1.0,2.0,peak_depth,Band2,4192-4488,4192,4488,0.00119956,P_Band2_4192-4488
M1,ambient,15% spirulina / 85% NaCl,15,85,M1_ambient,region_02,region,2.0,1.0,2.0,peak_depth,Band3,4488-4759,4488,4759,0.000640144,P_Band3_4488-4759
M1,ambient,15% spirulina / 85% NaCl,15,85,M1_ambient,region_02,region,2.0,1.0,2.0,peak_depth,Band4,4759-4956,4759,4956,0.000491037,P_Band4_4759-4956
M1,ambient,15% spirulina / 85% NaCl,15,85,M1_ambient,region_02,region,2.0,1.0,2.0,peak_depth,Band5,4956-5414,4956,5414,0.00270347,P_Band5_4956-5414
M1,ambient,15% spirulina / 85% NaCl,15,85,M1_ambient,region_02,region,2.0,1.0,2.0,peak_depth,Band6,5414-6065,5414,6065,0.000908686,P_Band6_5414-6065
M1,ambient,15% spirulina / 85% NaCl,15,85,M1_ambient,region_02,region,2.0,1.0,2.0,peak_depth,Band7,6065-7568,6065,7568,0.00106186,P_Band7_6065-7568
M1,ambient,15% spirulina / 85% NaCl,15,85,M1_ambient,region_02,region,2.0,1.0,2.0,peak_depth,Band8,7568-8980,7568,8980,0.000322106,P_Band8_7568-8980
M1,ambient,15% spirulina / 85% NaCl,15,85,M1_ambient,region_03,region,3.0,1.0,3.0,integral,Band1,4010-4192,4010,4192,0.0281152,I_Band1_4010-4192
M1,ambient,15% spirulina / 85% NaCl,15,85,M1_ambient,region_03,region,3.0,1.0,3.0,integral,Band2,4192-4488,4192,4488,0.19519,I_Band2_4192-4488
M1,ambient,15% spirulina / 85% NaCl,15,85,M1_ambient,region_03,region,3.0,1.0,3.0,integral,Band3,4488-4759,4488,4759,0.0989384,I_Band3_4488-4759
M1,ambient,15% spirulina / 85% NaCl,15,85,M1_ambient,region_03,region,3.0,1.0,3.0,integral,Band4,4759-4956,4759,4956,0.0496009,I_Band4_4759-4956
M1,ambient,15% spirulina / 85% NaCl,15,85,M1_ambient,region_03,region,3.0,1.0,3.0,integral,Band5,4956-5414,4956,5414,0.510104,I_Band5_4956-5414
M1,ambient,15% spirulina / 85% NaCl,15,85,M1_ambient,region_03,region,3.0,1.0,3.0,integral,Band6,5414-6065,5414,6065,0.192004,I_Band6_5414-6065
M1,ambient,15% spirulina / 85% NaCl,15,85,M1_ambient,region_03,region,3.0,1.0,3.0,integral,Band7,6065-7568,6065,7568,0.654675,I_Band7_6065-7568
M1,ambient,15% spirulina / 85% NaCl,15,85,M1_ambient,region_03,region,3.0,1.0,3.0,integral,Band8,7568-8980,7568,8980,0.104295,I_Band8_7568-8980
M1,ambient,15% spirulina / 85% NaCl,15,85,M1_ambient,region_03,region,3.0,1.0,3.0,peak_depth,Band1,4010-4192,4010,4192,0.000442249,P_Band1_4010-4192
M1,ambient,15% spirulina / 85% NaCl,15,85,M1_ambient,region_03,region,3.0,1.0,3.0,peak_depth,Band2,4192-4488,4192,4488,0.0013079,P_Band2_4192-4488
M1,ambient,15% spirulina / 85% NaCl,15,85,M1_ambient,region_03,region,3.0,1.0,3.0,peak_depth,Band3,4488-4759,4488,4759,0.000850784,P_Band3_4488-4759
M1,ambient,15% spirulina / 85% NaCl,15,85,M1_ambient,region_03,region,3.0,1.0,3.0,peak_depth,Band4,4759-4956,4759,4956,0.000581174,P_Band4_4759-4956
M1,ambient,15% spirulina / 85% NaCl,15,85,M1_ambient,region_03,region,3.0,1.0,3.0,peak_depth,Band5,4956-5414,4956,5414,0.00271293,P_Band5_4956-5414
M1,ambient,15% spirulina / 85% NaCl,15,85,M1_ambient,region_03,region,3.0,1.0,3.0,peak_depth,Band6,5414-6065,5414,6065,0.000633284,P_Band6_5414-6065
M1,ambient,15% spirulina / 85% NaCl,15,85,M1_ambient,region_03,region,3.0,1.0,3.0,peak_depth,Band7,6065-7568,6065,7568,0.000996229,P_Band7_6065-7568
M1,ambient,15% spirulina / 85% NaCl,15,85,M1_ambient,region_03,region,3.0,1.0,3.0,peak_depth,Band8,7568-8980,7568,8980,0.000163536,P_Band8_7568-8980
M1,ambient,15% spirulina / 85% NaCl,15,85,M1_ambient,region_04,region,4.0,1.0,4.0,integral,Band1,4010-4192,4010,4192,0.0395859,I_Band1_4010-4192
M1,ambient,15% spirulina / 85% NaCl,15,85,M1_ambient,region_04,region,4.0,1.0,4.0,integral,Band2,4192-4488,4192,4488,0.306452,I_Band2_4192-4488
M1,ambient,15% spirulina / 85% NaCl,15,85,M1_ambient,region_04,region,4.0,1.0,4.0,integral,Band3,4488-4759,4488,4759,0.168045,I_Band3_4488-4759
M1,ambient,15% spirulina / 85% NaCl,15,85,M1_ambient,region_04,region,4.0,1.0,4.0,integral,Band4,4759-4956,4759,4956,0.0746558,I_Band4_4759-4956
M1,ambient,15% spirulina / 85% NaCl,15,85,M1_ambient,region_04,region,4.0,1.0,4.0,integral,Band5,4956-5414,4956,5414,0.800547,I_Band5_4956-5414
M1,ambient,15% spirulina / 85% NaCl,15,85,M1_ambient,region_04,region,4.0,1.0,4.0,integral,Band6,5414-6065,5414,6065,0.341784,I_Band6_5414-6065
M1,ambient,15% spirulina / 85% NaCl,15,85,M1_ambient,region_04,region,4.0,1.0,4.0,integral,Band7,6065-7568,6065,7568,1.10175,I_Band7_6065-7568
M1,ambient,15% spirulina / 85% NaCl,15,85,M1_ambient,region_04,region,4.0,1.0,4.0,integral,Band8,7568-8980,7568,8980,0.114783,I_Band8_7568-8980
M1,ambient,15% spirulina / 85% NaCl,15,85,M1_ambient,region_04,region,4.0,1.0,4.0,peak_depth,Band1,4010-4192,4010,4192,0.000680623,P_Band1_4010-4192
M1,ambient,15% spirulina / 85% NaCl,15,85,M1_ambient,region_04,region,4.0,1.0,4.0,peak_depth,Band2,4192-4488,4192,4488,0.00203762,P_Band2_4192-4488
M1,ambient,15% spirulina / 85% NaCl,15,85,M1_ambient,region_04,region,4.0,1.0,4.0,peak_depth,Band3,4488-4759,4488,4759,0.00137957,P_Band3_4488-4759
M1,ambient,15% spirulina / 85% NaCl,15,85,M1_ambient,region_04,region,4.0,1.0,4.0,peak_depth,Band4,4759-4956,4759,4956,0.000890541,P_Band4_4759-4956
M1,ambient,15% spirulina / 85% NaCl,15,85,M1_ambient,region_04,region,4.0,1.0,4.0,peak_depth,Band5,4956-5414,4956,5414,0.00423427,P_Band5_4956-5414
M1,ambient,15% spirulina / 85% NaCl,15,85,M1_ambient,region_04,region,4.0,1.0,4.0,peak_depth,Band6,5414-6065,5414,6065,0.00111135,P_Band6_5414-6065
M1,ambient,15% spirulina / 85% NaCl,15,85,M1_ambient,region_04,region,4.0,1.0,4.0,peak_depth,Band7,6065-7568,6065,7568,0.00153432,P_Band7_6065-7568
M1,ambient,15% spirulina / 85% NaCl,15,85,M1_ambient,region_04,region,4.0,1.0,4.0,peak_depth,Band8,7568-8980,7568,8980,0.000313321,P_Band8_7568-8980
M1,ambient,15% spirulina / 85% NaCl,15,85,M1_ambient,region_05,region,5.0,1.0,5.0,integral,Band1,4010-4192,4010,4192,0.0149478,I_Band1_4010-4192
M1,ambient,15% spirulina / 85% NaCl,15,85,M1_ambient,region_05,region,5.0,1.0,5.0,integral,Band2,4192-4488,4192,4488,0.157501,I_Band2_4192-4488
M1,ambient,15% spirulina / 85% NaCl,15,85,M1_ambient,region_05,region,5.0,1.0,5.0,integral,Band3,4488-4759,4488,4759,0.101357,I_Band3_4488-4759
M1,ambient,15% spirulina / 85% NaCl,15,85,M1_ambient,region_05,region,5.0,1.0,5.0,integral,Band4,4759-4956,4759,4956,0.0517932,I_Band4_4759-4956
M1,ambient,15% spirulina / 85% NaCl,15,85,M1_ambient,region_05,region,5.0,1.0,5.0,integral,Band5,4956-5414,4956,5414,0.493468,I_Band5_4956-5414
M1,ambient,15% spirulina / 85% NaCl,15,85,M1_ambient,region_05,region,5.0,1.0,5.0,integral,Band6,5414-6065,5414,6065,0.169309,I_Band6_5414-6065
M1,ambient,15% spirulina / 85% NaCl,15,85,M1_ambient,region_05,region,5.0,1.0,5.0,integral,Band7,6065-7568,6065,7568,0.523786,I_Band7_6065-7568
M1,ambient,15% spirulina / 85% NaCl,15,85,M1_ambient,region_05,region,5.0,1.0,5.0,integral,Band8,7568-8980,7568,8980,0.0244906,I_Band8_7568-8980
M1,ambient,15% spirulina / 85% NaCl,15,85,M1_ambient,region_05,region,5.0,1.0,5.0,peak_depth,Band1,4010-4192,4010,4192,0.000348318,P_Band1_4010-4192
M1,ambient,15% spirulina / 85% NaCl,15,85,M1_ambient,region_05,region,5.0,1.0,5.0,peak_depth,Band2,4192-4488,4192,4488,0.00109606,P_Band2_4192-4488
M1,ambient,15% spirulina / 85% NaCl,15,85,M1_ambient,region_05,region,5.0,1.0,5.0,peak_depth,Band3,4488-4759,4488,4759,0.000788462,P_Band3_4488-4759
M1,ambient,15% spirulina / 85% NaCl,15,85,M1_ambient,region_05,region,5.0,1.0,5.0,peak_depth,Band4,4759-4956,4759,4956,0.000603838,P_Band4_4759-4956
M1,ambient,15% spirulina / 85% NaCl,15,85,M1_ambient,region_05,region,5.0,1.0,5.0,peak_depth,Band5,4956-5414,4956,5414,0.00257781,P_Band5_4956-5414
M1,ambient,15% spirulina / 85% NaCl,15,85,M1_ambient,region_05,region,5.0,1.0,5.0,peak_depth,Band6,5414-6065,5414,6065,0.000552069,P_Band6_5414-6065
M1,ambient,15% spirulina / 85% NaCl,15,85,M1_ambient,region_05,region,5.0,1.0,5.0,peak_depth,Band7,6065-7568,6065,7568,0.000802068,P_Band7_6065-7568
M1,ambient,15% spirulina / 85% NaCl,15,85,M1_ambient,region_05,region,5.0,1.0,5.0,peak_depth,Band8,7568-8980,7568,8980,8.87152e-05,P_Band8_7568-8980
M1,ambient,15% spirulina / 85% NaCl,15,85,M1_ambient,region_06,region,6.0,2.0,1.0,integral,Band1,4010-4192,4010,4192,0.033743,I_Band1_4010-4192
M1,ambient,15% spirulina / 85% NaCl,15,85,M1_ambient,region_06,region,6.0,2.0,1.0,integral,Band2,4192-4488,4192,4488,0.229353,I_Band2_4192-4488
M1,ambient,15% spirulina / 85% NaCl,15,85,M1_ambient,region_06,region,6.0,2.0,1.0,integral,Band3,4488-4759,4488,4759,0.119686,I_Band3_4488-4759
M1,ambient,15% spirulina / 85% NaCl,15,85,M1_ambient,region_06,region,6.0,2.0,1.0,integral,Band4,4759-4956,4759,4956,0.0554725,I_Band4_4759-4956
M1,ambient,15% spirulina / 85% NaCl,15,85,M1_ambient,region_06,region,6.0,2.0,1.0,integral,Band5,4956-5414,4956,5414,0.614065,I_Band5_4956-5414
M1,ambient,15% spirulina / 85% NaCl,15,85,M1_ambient,region_06,region,6.0,2.0,1.0,integral,Band6,5414-6065,5414,6065,0.264348,I_Band6_5414-6065
M1,ambient,15% spirulina / 85% NaCl,15,85,M1_ambient,region_06,region,6.0,2.0,1.0,integral,Band7,6065-7568,6065,7568,0.88004,I_Band7_6065-7568
M1,ambient,15% spirulina / 85% NaCl,15,85,M1_ambient,region_06,region,6.0,2.0,1.0,integral,Band8,7568-8980,7568,8980,0.0412525,I_Band8_7568-8980
M1,ambient,15% spirulina / 85% NaCl,15,85,M1_ambient,region_06,region,6.0,2.0,1.0,peak_depth,Band1,4010-4192,4010,4192,0.000601425,P_Band1_4010-4192
M1,ambient,15% spirulina / 85% NaCl,15,85,M1_ambient,region_06,region,6.0,2.0,1.0,peak_depth,Band2,4192-4488,4192,4488,0.00144047,P_Band2_4192-4488
M1,ambient,15% spirulina / 85% NaCl,15,85,M1_ambient,region_06,region,6.0,2.0,1.0,peak_depth,Band3,4488-4759,4488,4759,0.00113041,P_Band3_4488-4759
M1,ambient,15% spirulina / 85% NaCl,15,85,M1_ambient,region_06,region,6.0,2.0,1.0,peak_depth,Band4,4759-4956,4759,4956,0.000643631,P_Band4_4759-4956
M1,ambient,15% spirulina / 85% NaCl,15,85,M1_ambient,region_06,region,6.0,2.0,1.0,peak_depth,Band5,4956-5414,4956,5414,0.00333524,P_Band5_4956-5414
M1,ambient,15% spirulina / 85% NaCl,15,85,M1_ambient,region_06,region,6.0,2.0,1.0,peak_depth,Band6,5414-6065,5414,6065,0.00083996,P_Band6_5414-6065
M1,ambient,15% spirulina / 85% NaCl,15,85,M1_ambient,region_06,region,6.0,2.0,1.0,peak_depth,Band7,6065-7568,6065,7568,0.00120624,P_Band7_6065-7568
M1,ambient,15% spirulina / 85% NaCl,15,85,M1_ambient,region_06,region,6.0,2.0,1.0,peak_depth,Band8,7568-8980,7568,8980,0.000190387,P_Band8_7568-8980
M1,ambient,15% spirulina / 85% NaCl,15,85,M1_ambient,region_07,region,7.0,2.0,2.0,integral,Band1,4010-4192,4010,4192,0.02369,I_Band1_4010-4192
M1,ambient,15% spirulina / 85% NaCl,15,85,M1_ambient,region_07,region,7.0,2.0,2.0,integral,Band2,4192-4488,4192,4488,0.20983,I_Band2_4192-4488
M1,ambient,15% spirulina / 85% NaCl,15,85,M1_ambient,region_07,region,7.0,2.0,2.0,integral,Band3,4488-4759,4488,4759,0.122582,I_Band3_4488-4759
M1,ambient,15% spirulina / 85% NaCl,15,85,M1_ambient,region_07,region,7.0,2.0,2.0,integral,Band4,4759-4956,4759,4956,0.0592183,I_Band4_4759-4956
M1,ambient,15% spirulina / 85% NaCl,15,85,M1_ambient,region_07,region,7.0,2.0,2.0,integral,Band5,4956-5414,4956,5414,0.550276,I_Band5_4956-5414
M1,ambient,15% spirulina / 85% NaCl,15,85,M1_ambient,region_07,region,7.0,2.0,2.0,integral,Band6,5414-6065,5414,6065,0.227561,I_Band6_5414-6065
M1,ambient,15% spirulina / 85% NaCl,15,85,M1_ambient,region_07,region,7.0,2.0,2.0,integral,Band7,6065-7568,6065,7568,0.762424,I_Band7_6065-7568
M1,ambient,15% spirulina / 85% NaCl,15,85,M1_ambient,region_07,region,7.0,2.0,2.0,integral,Band8,7568-8980,7568,8980,0.123107,I_Band8_7568-8980
M1,ambient,15% spirulina / 85% NaCl,15,85,M1_ambient,region_07,region,7.0,2.0,2.0,peak_depth,Band1,4010-4192,4010,4192,0.000459931,P_Band1_4010-4192
M1,ambient,15% spirulina / 85% NaCl,15,85,M1_ambient,region_07,region,7.0,2.0,2.0,peak_depth,Band2,4192-4488,4192,4488,0.00137953,P_Band2_4192-4488
M1,ambient,15% spirulina / 85% NaCl,15,85,M1_ambient,region_07,region,7.0,2.0,2.0,peak_depth,Band3,4488-4759,4488,4759,0.00101867,P_Band3_4488-4759
M1,ambient,15% spirulina / 85% NaCl,15,85,M1_ambient,region_07,region,7.0,2.0,2.0,peak_depth,Band4,4759-4956,4759,4956,0.000696078,P_Band4_4759-4956
M1,ambient,15% spirulina / 85% NaCl,15,85,M1_ambient,region_07,region,7.0,2.0,2.0,peak_depth,Band5,4956-5414,4956,5414,0.00295795,P_Band5_4956-5414
M1,ambient,15% spirulina / 85% NaCl,15,85,M1_ambient,region_07,region,7.0,2.0,2.0,peak_depth,Band6,5414-6065,5414,6065,0.000815058,P_Band6_5414-6065
M1,ambient,15% spirulina / 85% NaCl,15,85,M1_ambient,region_07,region,7.0,2.0,2.0,peak_depth,Band7,6065-7568,6065,7568,0.00111375,P_Band7_6065-7568
M1,ambient,15% spirulina / 85% NaCl,15,85,M1_ambient,region_07,region,7.0,2.0,2.0,peak_depth,Band8,7568-8980,7568,8980,0.000190284,P_Band8_7568-8980
M1,ambient,15% spirulina / 85% NaCl,15,85,M1_ambient,region_08,region,8.0,2.0,3.0,integral,Band1,4010-4192,4010,4192,0.0434727,I_Band1_4010-4192
M1,ambient,15% spirulina / 85% NaCl,15,85,M1_ambient,region_08,region,8.0,2.0,3.0,integral,Band2,4192-4488,4192,4488,0.215075,I_Band2_4192-4488
M1,ambient,15% spirulina / 85% NaCl,15,85,M1_ambient,region_08,region,8.0,2.0,3.0,integral,Band3,4488-4759,4488,4759,0.130505,I_Band3_4488-4759
M1,ambient,15% spirulina / 85% NaCl,15,85,M1_ambient,region_08,region,8.0,2.0,3.0,integral,Band4,4759-4956,4759,4956,0.0618773,I_Band4_4759-4956
M1,ambient,15% spirulina / 85% NaCl,15,85,M1_ambient,region_08,region,8.0,2.0,3.0,integral,Band5,4956-5414,4956,5414,0.571739,I_Band5_4956-5414
M1,ambient,15% spirulina / 85% NaCl,15,85,M1_ambient,region_08,region,8.0,2.0,3.0,integral,Band6,5414-6065,5414,6065,0.235691,I_Band6_5414-6065
M1,ambient,15% spirulina / 85% NaCl,15,85,M1_ambient,region_08,region,8.0,2.0,3.0,integral,Band7,6065-7568,6065,7568,0.832937,I_Band7_6065-7568
M1,ambient,15% spirulina / 85% NaCl,15,85,M1_ambient,region_08,region,8.0,2.0,3.0,integral,Band8,7568-8980,7568,8980,0.0775091,I_Band8_7568-8980
M1,ambient,15% spirulina / 85% NaCl,15,85,M1_ambient,region_08,region,8.0,2.0,3.0,peak_depth,Band1,4010-4192,4010,4192,0.000649688,P_Band1_4010-4192
M1,ambient,15% spirulina / 85% NaCl,15,85,M1_ambient,region_08,region,8.0,2.0,3.0,peak_depth,Band2,4192-4488,4192,4488,0.00139545,P_Band2_4192-4488
M1,ambient,15% spirulina / 85% NaCl,15,85,M1_ambient,region_08,region,8.0,2.0,3.0,peak_depth,Band3,4488-4759,4488,4759,0.00107942,P_Band3_4488-4759
M1,ambient,15% spirulina / 85% NaCl,15,85,M1_ambient,region_08,region,8.0,2.0,3.0,peak_depth,Band4,4759-4956,4759,4956,0.000731487,P_Band4_4759-4956
M1,ambient,15% spirulina / 85% NaCl,15,85,M1_ambient,region_08,region,8.0,2.0,3.0,peak_depth,Band5,4956-5414,4956,5414,0.00309732,P_Band5_4956-5414
M1,ambient,15% spirulina / 85% NaCl,15,85,M1_ambient,region_08,region,8.0,2.0,3.0,peak_depth,Band6,5414-6065,5414,6065,0.000843759,P_Band6_5414-6065
M1,ambient,15% spirulina / 85% NaCl,15,85,M1_ambient,region_08,region,8.0,2.0,3.0,peak_depth,Band7,6065-7568,6065,7568,0.00115647,P_Band7_6065-7568
M1,ambient,15% spirulina / 85% NaCl,15,85,M1_ambient,region_08,region,8.0,2.0,3.0,peak_depth,Band8,7568-8980,7568,8980,0.000153815,P_Band8_7568-8980
M1,ambient,15% spirulina / 85% NaCl,15,85,M1_ambient,region_09,region,9.0,2.0,4.0,integral,Band1,4010-4192,4010,4192,0.0335621,I_Band1_4010-4192
M1,ambient,15% spirulina / 85% NaCl,15,85,M1_ambient,region_09,region,9.0,2.0,4.0,integral,Band2,4192-4488,4192,4488,0.20181,I_Band2_4192-4488
M1,ambient,15% spirulina / 85% NaCl,15,85,M1_ambient,region_09,region,9.0,2.0,4.0,integral,Band3,4488-4759,4488,4759,0.0992806,I_Band3_4488-4759
M1,ambient,15% spirulina / 85% NaCl,15,85,M1_ambient,region_09,region,9.0,2.0,4.0,integral,Band4,4759-4956,4759,4956,0.0565119,I_Band4_4759-4956
M1,ambient,15% spirulina / 85% NaCl,15,85,M1_ambient,region_09,region,9.0,2.0,4.0,integral,Band5,4956-5414,4956,5414,0.554242,I_Band5_4956-5414
M1,ambient,15% spirulina / 85% NaCl,15,85,M1_ambient,region_09,region,9.0,2.0,4.0,integral,Band6,5414-6065,5414,6065,0.220522,I_Band6_5414-6065
M1,ambient,15% spirulina / 85% NaCl,15,85,M1_ambient,region_09,region,9.0,2.0,4.0,integral,Band7,6065-7568,6065,7568,0.705231,I_Band7_6065-7568
M1,ambient,15% spirulina / 85% NaCl,15,85,M1_ambient,region_09,region,9.0,2.0,4.0,integral,Band8,7568-8980,7568,8980,0.0867153,I_Band8_7568-8980
M1,ambient,15% spirulina / 85% NaCl,15,85,M1_ambient,region_09,region,9.0,2.0,4.0,peak_depth,Band1,4010-4192,4010,4192,0.000543497,P_Band1_4010-4192
M1,ambient,15% spirulina / 85% NaCl,15,85,M1_ambient,region_09,region,9.0,2.0,4.0,peak_depth,Band2,4192-4488,4192,4488,0.0013058,P_Band2_4192-4488
M1,ambient,15% spirulina / 85% NaCl,15,85,M1_ambient,region_09,region,9.0,2.0,4.0,peak_depth,Band3,4488-4759,4488,4759,0.000853069,P_Band3_4488-4759
M1,ambient,15% spirulina / 85% NaCl,15,85,M1_ambient,region_09,region,9.0,2.0,4.0,peak_depth,Band4,4759-4956,4759,4956,0.000653095,P_Band4_4759-4956
M1,ambient,15% spirulina / 85% NaCl,15,85,M1_ambient,region_09,region,9.0,2.0,4.0,peak_depth,Band5,4956-5414,4956,5414,0.00295832,P_Band5_4956-5414
M1,ambient,15% spirulina / 85% NaCl,15,85,M1_ambient,region_09,region,9.0,2.0,4.0,peak_depth,Band6,5414-6065,5414,6065,0.000699666,P_Band6_5414-6065
M1,ambient,15% spirulina / 85% NaCl,15,85,M1_ambient,region_09,region,9.0,2.0,4.0,peak_depth,Band7,6065-7568,6065,7568,0.0010254,P_Band7_6065-7568
M1,ambient,15% spirulina / 85% NaCl,15,85,M1_ambient,region_09,region,9.0,2.0,4.0,peak_depth,Band8,7568-8980,7568,8980,0.000221565,P_Band8_7568-8980
M1,ambient,15% spirulina / 85% NaCl,15,85,M1_ambient,region_10,region,10.0,2.0,5.0,integral,Band1,4010-4192,4010,4192,0.037443,I_Band1_4010-4192
M1,ambient,15% spirulina / 85% NaCl,15,85,M1_ambient,region_10,region,10.0,2.0,5.0,integral,Band2,4192-4488,4192,4488,0.189816,I_Band2_4192-4488
M1,ambient,15% spirulina / 85% NaCl,15,85,M1_ambient,region_10,region,10.0,2.0,5.0,integral,Band3,4488-4759,4488,4759,0.117214,I_Band3_4488-4759
M1,ambient,15% spirulina / 85% NaCl,15,85,M1_ambient,region_10,region,10.0,2.0,5.0,integral,Band4,4759-4956,4759,4956,0.0452328,I_Band4_4759-4956
M1,ambient,15% spirulina / 85% NaCl,15,85,M1_ambient,region_10,region,10.0,2.0,5.0,integral,Band5,4956-5414,4956,5414,0.53278,I_Band5_4956-5414
M1,ambient,15% spirulina / 85% NaCl,15,85,M1_ambient,region_10,region,10.0,2.0,5.0,integral,Band6,5414-6065,5414,6065,0.215755,I_Band6_5414-6065
M1,ambient,15% spirulina / 85% NaCl,15,85,M1_ambient,region_10,region,10.0,2.0,5.0,integral,Band7,6065-7568,6065,7568,0.766969,I_Band7_6065-7568
M1,ambient,15% spirulina / 85% NaCl,15,85,M1_ambient,region_10,region,10.0,2.0,5.0,integral,Band8,7568-8980,7568,8980,0.105539,I_Band8_7568-8980
M1,ambient,15% spirulina / 85% NaCl,15,85,M1_ambient,region_10,region,10.0,2.0,5.0,peak_depth,Band1,4010-4192,4010,4192,0.000603243,P_Band1_4010-4192
M1,ambient,15% spirulina / 85% NaCl,15,85,M1_ambient,region_10,region,10.0,2.0,5.0,peak_depth,Band2,4192-4488,4192,4488,0.00128171,P_Band2_4192-4488
M1,ambient,15% spirulina / 85% NaCl,15,85,M1_ambient,region_10,region,10.0,2.0,5.0,peak_depth,Band3,4488-4759,4488,4759,0.000967523,P_Band3_4488-4759
M1,ambient,15% spirulina / 85% NaCl,15,85,M1_ambient,region_10,region,10.0,2.0,5.0,peak_depth,Band4,4759-4956,4759,4956,0.000556658,P_Band4_4759-4956
M1,ambient,15% spirulina / 85% NaCl,15,85,M1_ambient,region_10,region,10.0,2.0,5.0,peak_depth,Band5,4956-5414,4956,5414,0.00286348,P_Band5_4956-5414
M1,ambient,15% spirulina / 85% NaCl,15,85,M1_ambient,region_10,region,10.0,2.0,5.0,peak_depth,Band6,5414-6065,5414,6065,0.000701441,P_Band6_5414-6065
M1,ambient,15% spirulina / 85% NaCl,15,85,M1_ambient,region_10,region,10.0,2.0,5.0,peak_depth,Band7,6065-7568,6065,7568,0.001052,P_Band7_6065-7568
M1,ambient,15% spirulina / 85% NaCl,15,85,M1_ambient,region_10,region,10.0,2.0,5.0,peak_depth,Band8,7568-8980,7568,8980,0.00020237,P_Band8_7568-8980
M1,ambient,15% spirulina / 85% NaCl,15,85,M1_ambient,region_11,region,11.0,3.0,1.0,integral,Band1,4010-4192,4010,4192,0.0394631,I_Band1_4010-4192
M1,ambient,15% spirulina / 85% NaCl,15,85,M1_ambient,region_11,region,11.0,3.0,1.0,integral,Band2,4192-4488,4192,4488,0.253895,I_Band2_4192-4488
M1,ambient,15% spirulina / 85% NaCl,15,85,M1_ambient,region_11,region,11.0,3.0,1.0,integral,Band3,4488-4759,4488,4759,0.142481,I_Band3_4488-4759
M1,ambient,15% spirulina / 85% NaCl,15,85,M1_ambient,region_11,region,11.0,3.0,1.0,integral,Band4,4759-4956,4759,4956,0.0770094,I_Band4_4759-4956
M1,ambient,15% spirulina / 85% NaCl,15,85,M1_ambient,region_11,region,11.0,3.0,1.0,integral,Band5,4956-5414,4956,5414,0.640674,I_Band5_4956-5414
M1,ambient,15% spirulina / 85% NaCl,15,85,M1_ambient,region_11,region,11.0,3.0,1.0,integral,Band6,5414-6065,5414,6065,0.281978,I_Band6_5414-6065
M1,ambient,15% spirulina / 85% NaCl,15,85,M1_ambient,region_11,region,11.0,3.0,1.0,integral,Band7,6065-7568,6065,7568,0.859632,I_Band7_6065-7568
M1,ambient,15% spirulina / 85% NaCl,15,85,M1_ambient,region_11,region,11.0,3.0,1.0,integral,Band8,7568-8980,7568,8980,0.0664481,I_Band8_7568-8980
M1,ambient,15% spirulina / 85% NaCl,15,85,M1_ambient,region_11,region,11.0,3.0,1.0,peak_depth,Band1,4010-4192,4010,4192,0.000627504,P_Band1_4010-4192
M1,ambient,15% spirulina / 85% NaCl,15,85,M1_ambient,region_11,region,11.0,3.0,1.0,peak_depth,Band2,4192-4488,4192,4488,0.00166194,P_Band2_4192-4488
M1,ambient,15% spirulina / 85% NaCl,15,85,M1_ambient,region_11,region,11.0,3.0,1.0,peak_depth,Band3,4488-4759,4488,4759,0.00117223,P_Band3_4488-4759
M1,ambient,15% spirulina / 85% NaCl,15,85,M1_ambient,region_11,region,11.0,3.0,1.0,peak_depth,Band4,4759-4956,4759,4956,0.000884839,P_Band4_4759-4956
M1,ambient,15% spirulina / 85% NaCl,15,85,M1_ambient,region_11,region,11.0,3.0,1.0,peak_depth,Band5,4956-5414,4956,5414,0.00347817,P_Band5_4956-5414
M1,ambient,15% spirulina / 85% NaCl,15,85,M1_ambient,region_11,region,11.0,3.0,1.0,peak_depth,Band6,5414-6065,5414,6065,0.000878742,P_Band6_5414-6065
M1,ambient,15% spirulina / 85% NaCl,15,85,M1_ambient,region_11,region,11.0,3.0,1.0,peak_depth,Band7,6065-7568,6065,7568,0.00127405,P_Band7_6065-7568
M1,ambient,15% spirulina / 85% NaCl,15,85,M1_ambient,region_11,region,11.0,3.0,1.0,peak_depth,Band8,7568-8980,7568,8980,0.000197728,P_Band8_7568-8980
M1,ambient,15% spirulina / 85% NaCl,15,85,M1_ambient,region_12,region,12.0,3.0,2.0,integral,Band1,4010-4192,4010,4192,0.044497,I_Band1_4010-4192
M1,ambient,15% spirulina / 85% NaCl,15,85,M1_ambient,region_12,region,12.0,3.0,2.0,integral,Band2,4192-4488,4192,4488,0.305908,I_Band2_4192-4488
M1,ambient,15% spirulina / 85% NaCl,15,85,M1_ambient,region_12,region,12.0,3.0,2.0,integral,Band3,4488-4759,4488,4759,0.148822,I_Band3_4488-4759
M1,ambient,15% spirulina / 85% NaCl,15,85,M1_ambient,region_12,region,12.0,3.0,2.0,integral,Band4,4759-4956,4759,4956,0.0850912,I_Band4_4759-4956
M1,ambient,15% spirulina / 85% NaCl,15,85,M1_ambient,region_12,region,12.0,3.0,2.0,integral,Band5,4956-5414,4956,5414,0.705202,I_Band5_4956-5414
M1,ambient,15% spirulina / 85% NaCl,15,85,M1_ambient,region_12,region,12.0,3.0,2.0,integral,Band6,5414-6065,5414,6065,0.309585,I_Band6_5414-6065
M1,ambient,15% spirulina / 85% NaCl,15,85,M1_ambient,region_12,region,12.0,3.0,2.0,integral,Band7,6065-7568,6065,7568,1.00609,I_Band7_6065-7568
M1,ambient,15% spirulina / 85% NaCl,15,85,M1_ambient,region_12,region,12.0,3.0,2.0,integral,Band8,7568-8980,7568,8980,0.11008,I_Band8_7568-8980
M1,ambient,15% spirulina / 85% NaCl,15,85,M1_ambient,region_12,region,12.0,3.0,2.0,peak_depth,Band1,4010-4192,4010,4192,0.000712154,P_Band1_4010-4192
M1,ambient,15% spirulina / 85% NaCl,15,85,M1_ambient,region_12,region,12.0,3.0,2.0,peak_depth,Band2,4192-4488,4192,4488,0.00199689,P_Band2_4192-4488
M1,ambient,15% spirulina / 85% NaCl,15,85,M1_ambient,region_12,region,12.0,3.0,2.0,peak_depth,Band3,4488-4759,4488,4759,0.00129466,P_Band3_4488-4759
M1,ambient,15% spirulina / 85% NaCl,15,85,M1_ambient,region_12,region,12.0,3.0,2.0,peak_depth,Band4,4759-4956,4759,4956,0.000995634,P_Band4_4759-4956
M1,ambient,15% spirulina / 85% NaCl,15,85,M1_ambient,region_12,region,12.0,3.0,2.0,peak_depth,Band5,4956-5414,4956,5414,0.00386415,P_Band5_4956-5414
M1,ambient,15% spirulina / 85% NaCl,15,85,M1_ambient,region_12,region,12.0,3.0,2.0,peak_depth,Band6,5414-6065,5414,6065,0.00107915,P_Band6_5414-6065
M1,ambient,15% spirulina / 85% NaCl,15,85,M1_ambient,region_12,region,12.0,3.0,2.0,peak_depth,Band7,6065-7568,6065,7568,0.00135859,P_Band7_6065-7568
M1,ambient,15% spirulina / 85% NaCl,15,85,M1_ambient,region_12,region,12.0,3.0,2.0,peak_depth,Band8,7568-8980,7568,8980,0.000245498,P_Band8_7568-8980
M1,ambient,15% spirulina / 85% NaCl,15,85,M1_ambient,region_13,region,13.0,3.0,3.0,integral,Band1,4010-4192,4010,4192,0.0474388,I_Band1_4010-4192
M1,ambient,15% spirulina / 85% NaCl,15,85,M1_ambient,region_13,region,13.0,3.0,3.0,integral,Band2,4192-4488,4192,4488,0.21472,I_Band2_4192-4488
M1,ambient,15% spirulina / 85% NaCl,15,85,M1_ambient,region_13,region,13.0,3.0,3.0,integral,Band3,4488-4759,4488,4759,0.128842,I_Band3_4488-4759
M1,ambient,15% spirulina / 85% NaCl,15,85,M1_ambient,region_13,region,13.0,3.0,3.0,integral,Band4,4759-4956,4759,4956,0.065725,I_Band4_4759-4956
M1,ambient,15% spirulina / 85% NaCl,15,85,M1_ambient,region_13,region,13.0,3.0,3.0,integral,Band5,4956-5414,4956,5414,0.595744,I_Band5_4956-5414
M1,ambient,15% spirulina / 85% NaCl,15,85,M1_ambient,region_13,region,13.0,3.0,3.0,integral,Band6,5414-6065,5414,6065,0.228517,I_Band6_5414-6065
M1,ambient,15% spirulina / 85% NaCl,15,85,M1_ambient,region_13,region,13.0,3.0,3.0,integral,Band7,6065-7568,6065,7568,0.770531,I_Band7_6065-7568
M1,ambient,15% spirulina / 85% NaCl,15,85,M1_ambient,region_13,region,13.0,3.0,3.0,integral,Band8,7568-8980,7568,8980,0.0921004,I_Band8_7568-8980
M1,ambient,15% spirulina / 85% NaCl,15,85,M1_ambient,region_13,region,13.0,3.0,3.0,peak_depth,Band1,4010-4192,4010,4192,0.000650751,P_Band1_4010-4192
M1,ambient,15% spirulina / 85% NaCl,15,85,M1_ambient,region_13,region,13.0,3.0,3.0,peak_depth,Band2,4192-4488,4192,4488,0.00141923,P_Band2_4192-4488
M1,ambient,15% spirulina / 85% NaCl,15,85,M1_ambient,region_13,region,13.0,3.0,3.0,peak_depth,Band3,4488-4759,4488,4759,0.00107188,P_Band3_4488-4759
M1,ambient,15% spirulina / 85% NaCl,15,85,M1_ambient,region_13,region,13.0,3.0,3.0,peak_depth,Band4,4759-4956,4759,4956,0.000745659,P_Band4_4759-4956
M1,ambient,15% spirulina / 85% NaCl,15,85,M1_ambient,region_13,region,13.0,3.0,3.0,peak_depth,Band5,4956-5414,4956,5414,0.00320476,P_Band5_4956-5414
M1,ambient,15% spirulina / 85% NaCl,15,85,M1_ambient,region_13,region,13.0,3.0,3.0,peak_depth,Band6,5414-6065,5414,6065,0.000796671,P_Band6_5414-6065
M1,ambient,15% spirulina / 85% NaCl,15,85,M1_ambient,region_13,region,13.0,3.0,3.0,peak_depth,Band7,6065-7568,6065,7568,0.00109519,P_Band7_6065-7568
M1,ambient,15% spirulina / 85% NaCl,15,85,M1_ambient,region_13,region,13.0,3.0,3.0,peak_depth,Band8,7568-8980,7568,8980,0.000196498,P_Band8_7568-8980
M1,ambient,15% spirulina / 85% NaCl,15,85,M1_ambient,region_14,region,14.0,3.0,4.0,integral,Band1,4010-4192,4010,4192,0.0517643,I_Band1_4010-4192
M1,ambient,15% spirulina / 85% NaCl,15,85,M1_ambient,region_14,region,14.0,3.0,4.0,integral,Band2,4192-4488,4192,4488,0.22552,I_Band2_4192-4488
M1,ambient,15% spirulina / 85% NaCl,15,85,M1_ambient,region_14,region,14.0,3.0,4.0,integral,Band3,4488-4759,4488,4759,0.138995,I_Band3_4488-4759
M1,ambient,15% spirulina / 85% NaCl,15,85,M1_ambient,region_14,region,14.0,3.0,4.0,integral,Band4,4759-4956,4759,4956,0.0629749,I_Band4_4759-4956
M1,ambient,15% spirulina / 85% NaCl,15,85,M1_ambient,region_14,region,14.0,3.0,4.0,integral,Band5,4956-5414,4956,5414,0.632137,I_Band5_4956-5414
M1,ambient,15% spirulina / 85% NaCl,15,85,M1_ambient,region_14,region,14.0,3.0,4.0,integral,Band6,5414-6065,5414,6065,0.245237,I_Band6_5414-6065
M1,ambient,15% spirulina / 85% NaCl,15,85,M1_ambient,region_14,region,14.0,3.0,4.0,integral,Band7,6065-7568,6065,7568,0.803519,I_Band7_6065-7568
M1,ambient,15% spirulina / 85% NaCl,15,85,M1_ambient,region_14,region,14.0,3.0,4.0,integral,Band8,7568-8980,7568,8980,0.0187942,I_Band8_7568-8980
M1,ambient,15% spirulina / 85% NaCl,15,85,M1_ambient,region_14,region,14.0,3.0,4.0,peak_depth,Band1,4010-4192,4010,4192,0.000686004,P_Band1_4010-4192
M1,ambient,15% spirulina / 85% NaCl,15,85,M1_ambient,region_14,region,14.0,3.0,4.0,peak_depth,Band2,4192-4488,4192,4488,0.0015007,P_Band2_4192-4488
M1,ambient,15% spirulina / 85% NaCl,15,85,M1_ambient,region_14,region,14.0,3.0,4.0,peak_depth,Band3,4488-4759,4488,4759,0.00114183,P_Band3_4488-4759
M1,ambient,15% spirulina / 85% NaCl,15,85,M1_ambient,region_14,region,14.0,3.0,4.0,peak_depth,Band4,4759-4956,4759,4956,0.000735244,P_Band4_4759-4956
M1,ambient,15% spirulina / 85% NaCl,15,85,M1_ambient,region_14,region,14.0,3.0,4.0,peak_depth,Band5,4956-5414,4956,5414,0.00339545,P_Band5_4956-5414
M1,ambient,15% spirulina / 85% NaCl,15,85,M1_ambient,region_14,region,14.0,3.0,4.0,peak_depth,Band6,5414-6065,5414,6065,0.000858695,P_Band6_5414-6065
M1,ambient,15% spirulina / 85% NaCl,15,85,M1_ambient,region_14,region,14.0,3.0,4.0,peak_depth,Band7,6065-7568,6065,7568,0.00110176,P_Band7_6065-7568
M1,ambient,15% spirulina / 85% NaCl,15,85,M1_ambient,region_14,region,14.0,3.0,4.0,peak_depth,Band8,7568-8980,7568,8980,8.53899e-05,P_Band8_7568-8980
M1,ambient,15% spirulina / 85% NaCl,15,85,M1_ambient,region_15,region,15.0,3.0,5.0,integral,Band1,4010-4192,4010,4192,0.04824,I_Band1_4010-4192
M1,ambient,15% spirulina / 85% NaCl,15,85,M1_ambient,region_15,region,15.0,3.0,5.0,integral,Band2,4192-4488,4192,4488,0.206066,I_Band2_4192-4488
M1,ambient,15% spirulina / 85% NaCl,15,85,M1_ambient,region_15,region,15.0,3.0,5.0,integral,Band3,4488-4759,4488,4759,0.114294,I_Band3_4488-4759
M1,ambient,15% spirulina / 85% NaCl,15,85,M1_ambient,region_15,region,15.0,3.0,5.0,integral,Band4,4759-4956,4759,4956,0.0615505,I_Band4_4759-4956
M1,ambient,15% spirulina / 85% NaCl,15,85,M1_ambient,region_15,region,15.0,3.0,5.0,integral,Band5,4956-5414,4956,5414,0.514119,I_Band5_4956-5414
M1,ambient,15% spirulina / 85% NaCl,15,85,M1_ambient,region_15,region,15.0,3.0,5.0,integral,Band6,5414-6065,5414,6065,0.211389,I_Band6_5414-6065
M1,ambient,15% spirulina / 85% NaCl,15,85,M1_ambient,region_15,region,15.0,3.0,5.0,integral,Band7,6065-7568,6065,7568,0.640545,I_Band7_6065-7568
M1,ambient,15% spirulina / 85% NaCl,15,85,M1_ambient,region_15,region,15.0,3.0,5.0,integral,Band8,7568-8980,7568,8980,0.0868498,I_Band8_7568-8980
M1,ambient,15% spirulina / 85% NaCl,15,85,M1_ambient,region_15,region,15.0,3.0,5.0,peak_depth,Band1,4010-4192,4010,4192,0.000612952,P_Band1_4010-4192
M1,ambient,15% spirulina / 85% NaCl,15,85,M1_ambient,region_15,region,15.0,3.0,5.0,peak_depth,Band2,4192-4488,4192,4488,0.00129494,P_Band2_4192-4488
M1,ambient,15% spirulina / 85% NaCl,15,85,M1_ambient,region_15,region,15.0,3.0,5.0,peak_depth,Band3,4488-4759,4488,4759,0.000934668,P_Band3_4488-4759
M1,ambient,15% spirulina / 85% NaCl,15,85,M1_ambient,region_15,region,15.0,3.0,5.0,peak_depth,Band4,4759-4956,4759,4956,0.000699686,P_Band4_4759-4956
M1,ambient,15% spirulina / 85% NaCl,15,85,M1_ambient,region_15,region,15.0,3.0,5.0,peak_depth,Band5,4956-5414,4956,5414,0.00279101,P_Band5_4956-5414
M1,ambient,15% spirulina / 85% NaCl,15,85,M1_ambient,region_15,region,15.0,3.0,5.0,peak_depth,Band6,5414-6065,5414,6065,0.000748339,P_Band6_5414-6065
M1,ambient,15% spirulina / 85% NaCl,15,85,M1_ambient,region_15,region,15.0,3.0,5.0,peak_depth,Band7,6065-7568,6065,7568,0.000913804,P_Band7_6065-7568
M1,ambient,15% spirulina / 85% NaCl,15,85,M1_ambient,region_15,region,15.0,3.0,5.0,peak_depth,Band8,7568-8980,7568,8980,0.000187941,P_Band8_7568-8980
M1,ambient,15% spirulina / 85% NaCl,15,85,M1_ambient,region_16,region,16.0,4.0,1.0,integral,Band1,4010-4192,4010,4192,0.0370556,I_Band1_4010-4192
M1,ambient,15% spirulina / 85% NaCl,15,85,M1_ambient,region_16,region,16.0,4.0,1.0,integral,Band2,4192-4488,4192,4488,0.132966,I_Band2_4192-4488
M1,ambient,15% spirulina / 85% NaCl,15,85,M1_ambient,region_16,region,16.0,4.0,1.0,integral,Band3,4488-4759,4488,4759,0.0891859,I_Band3_4488-4759
M1,ambient,15% spirulina / 85% NaCl,15,85,M1_ambient,region_16,region,16.0,4.0,1.0,integral,Band4,4759-4956,4759,4956,0.0541341,I_Band4_4759-4956
M1,ambient,15% spirulina / 85% NaCl,15,85,M1_ambient,region_16,region,16.0,4.0,1.0,integral,Band5,4956-5414,4956,5414,0.555269,I_Band5_4956-5414
M1,ambient,15% spirulina / 85% NaCl,15,85,M1_ambient,region_16,region,16.0,4.0,1.0,integral,Band6,5414-6065,5414,6065,0.202776,I_Band6_5414-6065
M1,ambient,15% spirulina / 85% NaCl,15,85,M1_ambient,region_16,region,16.0,4.0,1.0,integral,Band7,6065-7568,6065,7568,0.772236,I_Band7_6065-7568
M1,ambient,15% spirulina / 85% NaCl,15,85,M1_ambient,region_16,region,16.0,4.0,1.0,integral,Band8,7568-8980,7568,8980,0.0389758,I_Band8_7568-8980
M1,ambient,15% spirulina / 85% NaCl,15,85,M1_ambient,region_16,region,16.0,4.0,1.0,peak_depth,Band1,4010-4192,4010,4192,0.000436334,P_Band1_4010-4192
M1,ambient,15% spirulina / 85% NaCl,15,85,M1_ambient,region_16,region,16.0,4.0,1.0,peak_depth,Band2,4192-4488,4192,4488,0.00136803,P_Band2_4192-4488
M1,ambient,15% spirulina / 85% NaCl,15,85,M1_ambient,region_16,region,16.0,4.0,1.0,peak_depth,Band3,4488-4759,4488,4759,0.00128353,P_Band3_4488-4759
M1,ambient,15% spirulina / 85% NaCl,15,85,M1_ambient,region_16,region,16.0,4.0,1.0,peak_depth,Band4,4759-4956,4759,4956,0.000566642,P_Band4_4759-4956
M1,ambient,15% spirulina / 85% NaCl,15,85,M1_ambient,region_16,region,16.0,4.0,1.0,peak_depth,Band5,4956-5414,4956,5414,0.00320828,P_Band5_4956-5414
M1,ambient,15% spirulina / 85% NaCl,15,85,M1_ambient,region_16,region,16.0,4.0,1.0,peak_depth,Band6,5414-6065,5414,6065,0.000795253,P_Band6_5414-6065
M1,ambient,15% spirulina / 85% NaCl,15,85,M1_ambient,region_16,region,16.0,4.0,1.0,peak_depth,Band7,6065-7568,6065,7568,0.0010783,P_Band7_6065-7568
M1,ambient,15% spirulina / 85% NaCl,15,85,M1_ambient,region_16,region,16.0,4.0,1.0,peak_depth,Band8,7568-8980,7568,8980,0.000162789,P_Band8_7568-8980
M1,ambient,15% spirulina / 85% NaCl,15,85,M1_ambient,region_17,region,17.0,4.0,2.0,integral,Band1,4010-4192,4010,4192,0.0310052,I_Band1_4010-4192
M1,ambient,15% spirulina / 85% NaCl,15,85,M1_ambient,region_17,region,17.0,4.0,2.0,integral,Band2,4192-4488,4192,4488,0.222512,I_Band2_4192-4488
M1,ambient,15% spirulina / 85% NaCl,15,85,M1_ambient,region_17,region,17.0,4.0,2.0,integral,Band3,4488-4759,4488,4759,0.145267,I_Band3_4488-4759
M1,ambient,15% spirulina / 85% NaCl,15,85,M1_ambient,region_17,region,17.0,4.0,2.0,integral,Band4,4759-4956,4759,4956,0.0524469,I_Band4_4759-4956
M1,ambient,15% spirulina / 85% NaCl,15,85,M1_ambient,region_17,region,17.0,4.0,2.0,integral,Band5,4956-5414,4956,5414,0.534959,I_Band5_4956-5414
M1,ambient,15% spirulina / 85% NaCl,15,85,M1_ambient,region_17,region,17.0,4.0,2.0,integral,Band6,5414-6065,5414,6065,0.197159,I_Band6_5414-6065
M1,ambient,15% spirulina / 85% NaCl,15,85,M1_ambient,region_17,region,17.0,4.0,2.0,integral,Band7,6065-7568,6065,7568,0.690413,I_Band7_6065-7568
M1,ambient,15% spirulina / 85% NaCl,15,85,M1_ambient,region_17,region,17.0,4.0,2.0,integral,Band8,7568-8980,7568,8980,0.0849635,I_Band8_7568-8980
M1,ambient,15% spirulina / 85% NaCl,15,85,M1_ambient,region_17,region,17.0,4.0,2.0,peak_depth,Band1,4010-4192,4010,4192,0.000426084,P_Band1_4010-4192
M1,ambient,15% spirulina / 85% NaCl,15,85,M1_ambient,region_17,region,17.0,4.0,2.0,peak_depth,Band2,4192-4488,4192,4488,0.00143537,P_Band2_4192-4488
M1,ambient,15% spirulina / 85% NaCl,15,85,M1_ambient,region_17,region,17.0,4.0,2.0,peak_depth,Band3,4488-4759,4488,4759,0.001066,P_Band3_4488-4759
M1,ambient,15% spirulina / 85% NaCl,15,85,M1_ambient,region_17,region,17.0,4.0,2.0,peak_depth,Band4,4759-4956,4759,4956,0.000520284,P_Band4_4759-4956
M1,ambient,15% spirulina / 85% NaCl,15,85,M1_ambient,region_17,region,17.0,4.0,2.0,peak_depth,Band5,4956-5414,4956,5414,0.00293967,P_Band5_4956-5414
M1,ambient,15% spirulina / 85% NaCl,15,85,M1_ambient,region_17,region,17.0,4.0,2.0,peak_depth,Band6,5414-6065,5414,6065,0.00064185,P_Band6_5414-6065
M1,ambient,15% spirulina / 85% NaCl,15,85,M1_ambient,region_17,region,17.0,4.0,2.0,peak_depth,Band7,6065-7568,6065,7568,0.00100839,P_Band7_6065-7568
M1,ambient,15% spirulina / 85% NaCl,15,85,M1_ambient,region_17,region,17.0,4.0,2.0,peak_depth,Band8,7568-8980,7568,8980,0.000244197,P_Band8_7568-8980
M1,ambient,15% spirulina / 85% NaCl,15,85,M1_ambient,region_18,region,18.0,4.0,3.0,integral,Band1,4010-4192,4010,4192,0.0693154,I_Band1_4010-4192
M1,ambient,15% spirulina / 85% NaCl,15,85,M1_ambient,region_18,region,18.0,4.0,3.0,integral,Band2,4192-4488,4192,4488,0.181214,I_Band2_4192-4488
M1,ambient,15% spirulina / 85% NaCl,15,85,M1_ambient,region_18,region,18.0,4.0,3.0,integral,Band3,4488-4759,4488,4759,0.0945046,I_Band3_4488-4759
M1,ambient,15% spirulina / 85% NaCl,15,85,M1_ambient,region_18,region,18.0,4.0,3.0,integral,Band4,4759-4956,4759,4956,0.0504923,I_Band4_4759-4956
M1,ambient,15% spirulina / 85% NaCl,15,85,M1_ambient,region_18,region,18.0,4.0,3.0,integral,Band5,4956-5414,4956,5414,0.514564,I_Band5_4956-5414
M1,ambient,15% spirulina / 85% NaCl,15,85,M1_ambient,region_18,region,18.0,4.0,3.0,integral,Band6,5414-6065,5414,6065,0.199085,I_Band6_5414-6065
M1,ambient,15% spirulina / 85% NaCl,15,85,M1_ambient,region_18,region,18.0,4.0,3.0,integral,Band7,6065-7568,6065,7568,0.741168,I_Band7_6065-7568
M1,ambient,15% spirulina / 85% NaCl,15,85,M1_ambient,region_18,region,18.0,4.0,3.0,integral,Band8,7568-8980,7568,8980,0.103525,I_Band8_7568-8980
M1,ambient,15% spirulina / 85% NaCl,15,85,M1_ambient,region_18,region,18.0,4.0,3.0,peak_depth,Band1,4010-4192,4010,4192,0.000824284,P_Band1_4010-4192
M1,ambient,15% spirulina / 85% NaCl,15,85,M1_ambient,region_18,region,18.0,4.0,3.0,peak_depth,Band2,4192-4488,4192,4488,0.00118969,P_Band2_4192-4488
M1,ambient,15% spirulina / 85% NaCl,15,85,M1_ambient,region_18,region,18.0,4.0,3.0,peak_depth,Band3,4488-4759,4488,4759,0.000815957,P_Band3_4488-4759
M1,ambient,15% spirulina / 85% NaCl,15,85,M1_ambient,region_18,region,18.0,4.0,3.0,peak_depth,Band4,4759-4956,4759,4956,0.00060718,P_Band4_4759-4956
M1,ambient,15% spirulina / 85% NaCl,15,85,M1_ambient,region_18,region,18.0,4.0,3.0,peak_depth,Band5,4956-5414,4956,5414,0.00273332,P_Band5_4956-5414
M1,ambient,15% spirulina / 85% NaCl,15,85,M1_ambient,region_18,region,18.0,4.0,3.0,peak_depth,Band6,5414-6065,5414,6065,0.000675438,P_Band6_5414-6065
M1,ambient,15% spirulina / 85% NaCl,15,85,M1_ambient,region_18,region,18.0,4.0,3.0,peak_depth,Band7,6065-7568,6065,7568,0.000973194,P_Band7_6065-7568
M1,ambient,15% spirulina / 85% NaCl,15,85,M1_ambient,region_18,region,18.0,4.0,3.0,peak_depth,Band8,7568-8980,7568,8980,0.000163726,P_Band8_7568-8980
M1,ambient,15% spirulina / 85% NaCl,15,85,M1_ambient,region_19,region,19.0,4.0,4.0,integral,Band1,4010-4192,4010,4192,0.0526427,I_Band1_4010-4192
M1,ambient,15% spirulina / 85% NaCl,15,85,M1_ambient,region_19,region,19.0,4.0,4.0,integral,Band2,4192-4488,4192,4488,0.209367,I_Band2_4192-4488
M1,ambient,15% spirulina / 85% NaCl,15,85,M1_ambient,region_19,region,19.0,4.0,4.0,integral,Band3,4488-4759,4488,4759,0.124825,I_Band3_4488-4759
M1,ambient,15% spirulina / 85% NaCl,15,85,M1_ambient,region_19,region,19.0,4.0,4.0,integral,Band4,4759-4956,4759,4956,0.0615163,I_Band4_4759-4956
M1,ambient,15% spirulina / 85% NaCl,15,85,M1_ambient,region_19,region,19.0,4.0,4.0,integral,Band5,4956-5414,4956,5414,0.573076,I_Band5_4956-5414
M1,ambient,15% spirulina / 85% NaCl,15,85,M1_ambient,region_19,region,19.0,4.0,4.0,integral,Band6,5414-6065,5414,6065,0.15466,I_Band6_5414-6065
M1,ambient,15% spirulina / 85% NaCl,15,85,M1_ambient,region_19,region,19.0,4.0,4.0,integral,Band7,6065-7568,6065,7568,0.786579,I_Band7_6065-7568
M1,ambient,15% spirulina / 85% NaCl,15,85,M1_ambient,region_19,region,19.0,4.0,4.0,integral,Band8,7568-8980,7568,8980,0.0458199,I_Band8_7568-8980
M1,ambient,15% spirulina / 85% NaCl,15,85,M1_ambient,region_19,region,19.0,4.0,4.0,peak_depth,Band1,4010-4192,4010,4192,0.000682342,P_Band1_4010-4192
M1,ambient,15% spirulina / 85% NaCl,15,85,M1_ambient,region_19,region,19.0,4.0,4.0,peak_depth,Band2,4192-4488,4192,4488,0.0013055,P_Band2_4192-4488
M1,ambient,15% spirulina / 85% NaCl,15,85,M1_ambient,region_19,region,19.0,4.0,4.0,peak_depth,Band3,4488-4759,4488,4759,0.00104117,P_Band3_4488-4759
M1,ambient,15% spirulina / 85% NaCl,15,85,M1_ambient,region_19,region,19.0,4.0,4.0,peak_depth,Band4,4759-4956,4759,4956,0.000715198,P_Band4_4759-4956
M1,ambient,15% spirulina / 85% NaCl,15,85,M1_ambient,region_19,region,19.0,4.0,4.0,peak_depth,Band5,4956-5414,4956,5414,0.00308611,P_Band5_4956-5414
M1,ambient,15% spirulina / 85% NaCl,15,85,M1_ambient,region_19,region,19.0,4.0,4.0,peak_depth,Band6,5414-6065,5414,6065,0.000623551,P_Band6_5414-6065
M1,ambient,15% spirulina / 85% NaCl,15,85,M1_ambient,region_19,region,19.0,4.0,4.0,peak_depth,Band7,6065-7568,6065,7568,0.00108727,P_Band7_6065-7568
M1,ambient,15% spirulina / 85% NaCl,15,85,M1_ambient,region_19,region,19.0,4.0,4.0,peak_depth,Band8,7568-8980,7568,8980,0.000147443,P_Band8_7568-8980
M1,ambient,15% spirulina / 85% NaCl,15,85,M1_ambient,region_20,region,20.0,4.0,5.0,integral,Band1,4010-4192,4010,4192,0.0323868,I_Band1_4010-4192
M1,ambient,15% spirulina / 85% NaCl,15,85,M1_ambient,region_20,region,20.0,4.0,5.0,integral,Band2,4192-4488,4192,4488,0.158813,I_Band2_4192-4488
M1,ambient,15% spirulina / 85% NaCl,15,85,M1_ambient,region_20,region,20.0,4.0,5.0,integral,Band3,4488-4759,4488,4759,0.0949412,I_Band3_4488-4759
M1,ambient,15% spirulina / 85% NaCl,15,85,M1_ambient,region_20,region,20.0,4.0,5.0,integral,Band4,4759-4956,4759,4956,0.0443052,I_Band4_4759-4956
M1,ambient,15% spirulina / 85% NaCl,15,85,M1_ambient,region_20,region,20.0,4.0,5.0,integral,Band5,4956-5414,4956,5414,0.469824,I_Band5_4956-5414
M1,ambient,15% spirulina / 85% NaCl,15,85,M1_ambient,region_20,region,20.0,4.0,5.0,integral,Band6,5414-6065,5414,6065,0.196155,I_Band6_5414-6065
M1,ambient,15% spirulina / 85% NaCl,15,85,M1_ambient,region_20,region,20.0,4.0,5.0,integral,Band7,6065-7568,6065,7568,0.676347,I_Band7_6065-7568
M1,ambient,15% spirulina / 85% NaCl,15,85,M1_ambient,region_20,region,20.0,4.0,5.0,integral,Band8,7568-8980,7568,8980,0.228878,I_Band8_7568-8980
M1,ambient,15% spirulina / 85% NaCl,15,85,M1_ambient,region_20,region,20.0,4.0,5.0,peak_depth,Band1,4010-4192,4010,4192,0.000662439,P_Band1_4010-4192
M1,ambient,15% spirulina / 85% NaCl,15,85,M1_ambient,region_20,region,20.0,4.0,5.0,peak_depth,Band2,4192-4488,4192,4488,0.00128661,P_Band2_4192-4488
M1,ambient,15% spirulina / 85% NaCl,15,85,M1_ambient,region_20,region,20.0,4.0,5.0,peak_depth,Band3,4488-4759,4488,4759,0.000710923,P_Band3_4488-4759
M1,ambient,15% spirulina / 85% NaCl,15,85,M1_ambient,region_20,region,20.0,4.0,5.0,peak_depth,Band4,4759-4956,4759,4956,0.000665851,P_Band4_4759-4956
M1,ambient,15% spirulina / 85% NaCl,15,85,M1_ambient,region_20,region,20.0,4.0,5.0,peak_depth,Band5,4956-5414,4956,5414,0.00252516,P_Band5_4956-5414
M1,ambient,15% spirulina / 85% NaCl,15,85,M1_ambient,region_20,region,20.0,4.0,5.0,peak_depth,Band6,5414-6065,5414,6065,0.000743202,P_Band6_5414-6065
M1,ambient,15% spirulina / 85% NaCl,15,85,M1_ambient,region_20,region,20.0,4.0,5.0,peak_depth,Band7,6065-7568,6065,7568,0.000879888,P_Band7_6065-7568
M1,ambient,15% spirulina / 85% NaCl,15,85,M1_ambient,region_20,region,20.0,4.0,5.0,peak_depth,Band8,7568-8980,7568,8980,0.000353142,P_Band8_7568-8980
M1,ambient,15% spirulina / 85% NaCl,15,85,M1_ambient,region_21,region,21.0,5.0,1.0,integral,Band1,4010-4192,4010,4192,0.0612866,I_Band1_4010-4192
M1,ambient,15% spirulina / 85% NaCl,15,85,M1_ambient,region_21,region,21.0,5.0,1.0,integral,Band2,4192-4488,4192,4488,0.219404,I_Band2_4192-4488
M1,ambient,15% spirulina / 85% NaCl,15,85,M1_ambient,region_21,region,21.0,5.0,1.0,integral,Band3,4488-4759,4488,4759,0.122135,I_Band3_4488-4759
M1,ambient,15% spirulina / 85% NaCl,15,85,M1_ambient,region_21,region,21.0,5.0,1.0,integral,Band4,4759-4956,4759,4956,0.0687984,I_Band4_4759-4956
M1,ambient,15% spirulina / 85% NaCl,15,85,M1_ambient,region_21,region,21.0,5.0,1.0,integral,Band5,4956-5414,4956,5414,0.63304,I_Band5_4956-5414
M1,ambient,15% spirulina / 85% NaCl,15,85,M1_ambient,region_21,region,21.0,5.0,1.0,integral,Band6,5414-6065,5414,6065,0.242238,I_Band6_5414-6065
M1,ambient,15% spirulina / 85% NaCl,15,85,M1_ambient,region_21,region,21.0,5.0,1.0,integral,Band7,6065-7568,6065,7568,0.912395,I_Band7_6065-7568
M1,ambient,15% spirulina / 85% NaCl,15,85,M1_ambient,region_21,region,21.0,5.0,1.0,integral,Band8,7568-8980,7568,8980,0.130717,I_Band8_7568-8980
M1,ambient,15% spirulina / 85% NaCl,15,85,M1_ambient,region_21,region,21.0,5.0,1.0,peak_depth,Band1,4010-4192,4010,4192,0.000774795,P_Band1_4010-4192
M1,ambient,15% spirulina / 85% NaCl,15,85,M1_ambient,region_21,region,21.0,5.0,1.0,peak_depth,Band2,4192-4488,4192,4488,0.0014315,P_Band2_4192-4488
M1,ambient,15% spirulina / 85% NaCl,15,85,M1_ambient,region_21,region,21.0,5.0,1.0,peak_depth,Band3,4488-4759,4488,4759,0.00100621,P_Band3_4488-4759
M1,ambient,15% spirulina / 85% NaCl,15,85,M1_ambient,region_21,region,21.0,5.0,1.0,peak_depth,Band4,4759-4956,4759,4956,0.000806599,P_Band4_4759-4956
M1,ambient,15% spirulina / 85% NaCl,15,85,M1_ambient,region_21,region,21.0,5.0,1.0,peak_depth,Band5,4956-5414,4956,5414,0.00345029,P_Band5_4956-5414
M1,ambient,15% spirulina / 85% NaCl,15,85,M1_ambient,region_21,region,21.0,5.0,1.0,peak_depth,Band6,5414-6065,5414,6065,0.000874841,P_Band6_5414-6065
M1,ambient,15% spirulina / 85% NaCl,15,85,M1_ambient,region_21,region,21.0,5.0,1.0,peak_depth,Band7,6065-7568,6065,7568,0.00120245,P_Band7_6065-7568
M1,ambient,15% spirulina / 85% NaCl,15,85,M1_ambient,region_21,region,21.0,5.0,1.0,peak_depth,Band8,7568-8980,7568,8980,0.000215648,P_Band8_7568-8980
M1,ambient,15% spirulina / 85% NaCl,15,85,M1_ambient,region_22,region,22.0,5.0,2.0,integral,Band1,4010-4192,4010,4192,0.0662583,I_Band1_4010-4192
M1,ambient,15% spirulina / 85% NaCl,15,85,M1_ambient,region_22,region,22.0,5.0,2.0,integral,Band2,4192-4488,4192,4488,0.172982,I_Band2_4192-4488
M1,ambient,15% spirulina / 85% NaCl,15,85,M1_ambient,region_22,region,22.0,5.0,2.0,integral,Band3,4488-4759,4488,4759,0.0697422,I_Band3_4488-4759
M1,ambient,15% spirulina / 85% NaCl,15,85,M1_ambient,region_22,region,22.0,5.0,2.0,integral,Band4,4759-4956,4759,4956,0.0507714,I_Band4_4759-4956
M1,ambient,15% spirulina / 85% NaCl,15,85,M1_ambient,region_22,region,22.0,5.0,2.0,integral,Band5,4956-5414,4956,5414,0.417036,I_Band5_4956-5414
M1,ambient,15% spirulina / 85% NaCl,15,85,M1_ambient,region_22,region,22.0,5.0,2.0,integral,Band6,5414-6065,5414,6065,0.168463,I_Band6_5414-6065
M1,ambient,15% spirulina / 85% NaCl,15,85,M1_ambient,region_22,region,22.0,5.0,2.0,integral,Band7,6065-7568,6065,7568,0.740415,I_Band7_6065-7568
M1,ambient,15% spirulina / 85% NaCl,15,85,M1_ambient,region_22,region,22.0,5.0,2.0,integral,Band8,7568-8980,7568,8980,0.145964,I_Band8_7568-8980
M1,ambient,15% spirulina / 85% NaCl,15,85,M1_ambient,region_22,region,22.0,5.0,2.0,peak_depth,Band1,4010-4192,4010,4192,0.000788021,P_Band1_4010-4192
M1,ambient,15% spirulina / 85% NaCl,15,85,M1_ambient,region_22,region,22.0,5.0,2.0,peak_depth,Band2,4192-4488,4192,4488,0.00114308,P_Band2_4192-4488
M1,ambient,15% spirulina / 85% NaCl,15,85,M1_ambient,region_22,region,22.0,5.0,2.0,peak_depth,Band3,4488-4759,4488,4759,0.000650418,P_Band3_4488-4759
M1,ambient,15% spirulina / 85% NaCl,15,85,M1_ambient,region_22,region,22.0,5.0,2.0,peak_depth,Band4,4759-4956,4759,4956,0.000555149,P_Band4_4759-4956
M1,ambient,15% spirulina / 85% NaCl,15,85,M1_ambient,region_22,region,22.0,5.0,2.0,peak_depth,Band5,4956-5414,4956,5414,0.0023537,P_Band5_4956-5414
M1,ambient,15% spirulina / 85% NaCl,15,85,M1_ambient,region_22,region,22.0,5.0,2.0,peak_depth,Band6,5414-6065,5414,6065,0.000460149,P_Band6_5414-6065
M1,ambient,15% spirulina / 85% NaCl,15,85,M1_ambient,region_22,region,22.0,5.0,2.0,peak_depth,Band7,6065-7568,6065,7568,0.000918892,P_Band7_6065-7568
M1,ambient,15% spirulina / 85% NaCl,15,85,M1_ambient,region_22,region,22.0,5.0,2.0,peak_depth,Band8,7568-8980,7568,8980,0.000267653,P_Band8_7568-8980
M1,ambient,15% spirulina / 85% NaCl,15,85,M1_ambient,region_23,region,23.0,5.0,3.0,integral,Band1,4010-4192,4010,4192,0.0586559,I_Band1_4010-4192
M1,ambient,15% spirulina / 85% NaCl,15,85,M1_ambient,region_23,region,23.0,5.0,3.0,integral,Band2,4192-4488,4192,4488,0.211391,I_Band2_4192-4488
M1,ambient,15% spirulina / 85% NaCl,15,85,M1_ambient,region_23,region,23.0,5.0,3.0,integral,Band3,4488-4759,4488,4759,0.123085,I_Band3_4488-4759
M1,ambient,15% spirulina / 85% NaCl,15,85,M1_ambient,region_23,region,23.0,5.0,3.0,integral,Band4,4759-4956,4759,4956,0.061619,I_Band4_4759-4956
M1,ambient,15% spirulina / 85% NaCl,15,85,M1_ambient,region_23,region,23.0,5.0,3.0,integral,Band5,4956-5414,4956,5414,0.561892,I_Band5_4956-5414
M1,ambient,15% spirulina / 85% NaCl,15,85,M1_ambient,region_23,region,23.0,5.0,3.0,integral,Band6,5414-6065,5414,6065,0.163388,I_Band6_5414-6065
M1,ambient,15% spirulina / 85% NaCl,15,85,M1_ambient,region_23,region,23.0,5.0,3.0,integral,Band7,6065-7568,6065,7568,0.73214,I_Band7_6065-7568
M1,ambient,15% spirulina / 85% NaCl,15,85,M1_ambient,region_23,region,23.0,5.0,3.0,integral,Band8,7568-8980,7568,8980,0.031062,I_Band8_7568-8980
M1,ambient,15% spirulina / 85% NaCl,15,85,M1_ambient,region_23,region,23.0,5.0,3.0,peak_depth,Band1,4010-4192,4010,4192,0.000779469,P_Band1_4010-4192
M1,ambient,15% spirulina / 85% NaCl,15,85,M1_ambient,region_23,region,23.0,5.0,3.0,peak_depth,Band2,4192-4488,4192,4488,0.00141261,P_Band2_4192-4488
M1,ambient,15% spirulina / 85% NaCl,15,85,M1_ambient,region_23,region,23.0,5.0,3.0,peak_depth,Band3,4488-4759,4488,4759,0.00102662,P_Band3_4488-4759
M1,ambient,15% spirulina / 85% NaCl,15,85,M1_ambient,region_23,region,23.0,5.0,3.0,peak_depth,Band4,4759-4956,4759,4956,0.000712124,P_Band4_4759-4956
M1,ambient,15% spirulina / 85% NaCl,15,85,M1_ambient,region_23,region,23.0,5.0,3.0,peak_depth,Band5,4956-5414,4956,5414,0.00304251,P_Band5_4956-5414
M1,ambient,15% spirulina / 85% NaCl,15,85,M1_ambient,region_23,region,23.0,5.0,3.0,peak_depth,Band6,5414-6065,5414,6065,0.000643599,P_Band6_5414-6065
M1,ambient,15% spirulina / 85% NaCl,15,85,M1_ambient,region_23,region,23.0,5.0,3.0,peak_depth,Band7,6065-7568,6065,7568,0.00107312,P_Band7_6065-7568
M1,ambient,15% spirulina / 85% NaCl,15,85,M1_ambient,region_23,region,23.0,5.0,3.0,peak_depth,Band8,7568-8980,7568,8980,0.000138713,P_Band8_7568-8980
M1,ambient,15% spirulina / 85% NaCl,15,85,M1_ambient,region_24,region,24.0,5.0,4.0,integral,Band1,4010-4192,4010,4192,0.0591832,I_Band1_4010-4192
M1,ambient,15% spirulina / 85% NaCl,15,85,M1_ambient,region_24,region,24.0,5.0,4.0,integral,Band2,4192-4488,4192,4488,0.220063,I_Band2_4192-4488
M1,ambient,15% spirulina / 85% NaCl,15,85,M1_ambient,region_24,region,24.0,5.0,4.0,integral,Band3,4488-4759,4488,4759,0.14089,I_Band3_4488-4759
M1,ambient,15% spirulina / 85% NaCl,15,85,M1_ambient,region_24,region,24.0,5.0,4.0,integral,Band4,4759-4956,4759,4956,0.0642785,I_Band4_4759-4956
M1,ambient,15% spirulina / 85% NaCl,15,85,M1_ambient,region_24,region,24.0,5.0,4.0,integral,Band5,4956-5414,4956,5414,0.583624,I_Band5_4956-5414
M1,ambient,15% spirulina / 85% NaCl,15,85,M1_ambient,region_24,region,24.0,5.0,4.0,integral,Band6,5414-6065,5414,6065,0.209136,I_Band6_5414-6065
M1,ambient,15% spirulina / 85% NaCl,15,85,M1_ambient,region_24,region,24.0,5.0,4.0,integral,Band7,6065-7568,6065,7568,0.809138,I_Band7_6065-7568
M1,ambient,15% spirulina / 85% NaCl,15,85,M1_ambient,region_24,region,24.0,5.0,4.0,integral,Band8,7568-8980,7568,8980,0.0659696,I_Band8_7568-8980
M1,ambient,15% spirulina / 85% NaCl,15,85,M1_ambient,region_24,region,24.0,5.0,4.0,peak_depth,Band1,4010-4192,4010,4192,0.000809505,P_Band1_4010-4192
M1,ambient,15% spirulina / 85% NaCl,15,85,M1_ambient,region_24,region,24.0,5.0,4.0,peak_depth,Band2,4192-4488,4192,4488,0.00147127,P_Band2_4192-4488
M1,ambient,15% spirulina / 85% NaCl,15,85,M1_ambient,region_24,region,24.0,5.0,4.0,peak_depth,Band3,4488-4759,4488,4759,0.00112591,P_Band3_4488-4759
M1,ambient,15% spirulina / 85% NaCl,15,85,M1_ambient,region_24,region,24.0,5.0,4.0,peak_depth,Band4,4759-4956,4759,4956,0.000752003,P_Band4_4759-4956
M1,ambient,15% spirulina / 85% NaCl,15,85,M1_ambient,region_24,region,24.0,5.0,4.0,peak_depth,Band5,4956-5414,4956,5414,0.00313434,P_Band5_4956-5414
M1,ambient,15% spirulina / 85% NaCl,15,85,M1_ambient,region_24,region,24.0,5.0,4.0,peak_depth,Band6,5414-6065,5414,6065,0.00075489,P_Band6_5414-6065
M1,ambient,15% spirulina / 85% NaCl,15,85,M1_ambient,region_24,region,24.0,5.0,4.0,peak_depth,Band7,6065-7568,6065,7568,0.00107878,P_Band7_6065-7568
M1,ambient,15% spirulina / 85% NaCl,15,85,M1_ambient,region_24,region,24.0,5.0,4.0,peak_depth,Band8,7568-8980,7568,8980,0.000194592,P_Band8_7568-8980
M1,ambient,15% spirulina / 85% NaCl,15,85,M1_ambient,region_25,region,25.0,5.0,5.0,integral,Band1,4010-4192,4010,4192,0.0628098,I_Band1_4010-4192
M1,ambient,15% spirulina / 85% NaCl,15,85,M1_ambient,region_25,region,25.0,5.0,5.0,integral,Band2,4192-4488,4192,4488,0.215462,I_Band2_4192-4488
M1,ambient,15% spirulina / 85% NaCl,15,85,M1_ambient,region_25,region,25.0,5.0,5.0,integral,Band3,4488-4759,4488,4759,0.133094,I_Band3_4488-4759
M1,ambient,15% spirulina / 85% NaCl,15,85,M1_ambient,region_25,region,25.0,5.0,5.0,integral,Band4,4759-4956,4759,4956,0.069972,I_Band4_4759-4956
M1,ambient,15% spirulina / 85% NaCl,15,85,M1_ambient,region_25,region,25.0,5.0,5.0,integral,Band5,4956-5414,4956,5414,0.550827,I_Band5_4956-5414
M1,ambient,15% spirulina / 85% NaCl,15,85,M1_ambient,region_25,region,25.0,5.0,5.0,integral,Band6,5414-6065,5414,6065,0.158063,I_Band6_5414-6065
M1,ambient,15% spirulina / 85% NaCl,15,85,M1_ambient,region_25,region,25.0,5.0,5.0,integral,Band7,6065-7568,6065,7568,0.788933,I_Band7_6065-7568
M1,ambient,15% spirulina / 85% NaCl,15,85,M1_ambient,region_25,region,25.0,5.0,5.0,integral,Band8,7568-8980,7568,8980,0.103172,I_Band8_7568-8980
M1,ambient,15% spirulina / 85% NaCl,15,85,M1_ambient,region_25,region,25.0,5.0,5.0,peak_depth,Band1,4010-4192,4010,4192,0.000800356,P_Band1_4010-4192
M1,ambient,15% spirulina / 85% NaCl,15,85,M1_ambient,region_25,region,25.0,5.0,5.0,peak_depth,Band2,4192-4488,4192,4488,0.001428,P_Band2_4192-4488
M1,ambient,15% spirulina / 85% NaCl,15,85,M1_ambient,region_25,region,25.0,5.0,5.0,peak_depth,Band3,4488-4759,4488,4759,0.00104686,P_Band3_4488-4759
M1,ambient,15% spirulina / 85% NaCl,15,85,M1_ambient,region_25,region,25.0,5.0,5.0,peak_depth,Band4,4759-4956,4759,4956,0.00079136,P_Band4_4759-4956
M1,ambient,15% spirulina / 85% NaCl,15,85,M1_ambient,region_25,region,25.0,5.0,5.0,peak_depth,Band5,4956-5414,4956,5414,0.00296923,P_Band5_4956-5414
M1,ambient,15% spirulina / 85% NaCl,15,85,M1_ambient,region_25,region,25.0,5.0,5.0,peak_depth,Band6,5414-6065,5414,6065,0.000623028,P_Band6_5414-6065
M1,ambient,15% spirulina / 85% NaCl,15,85,M1_ambient,region_25,region,25.0,5.0,5.0,peak_depth,Band7,6065-7568,6065,7568,0.00103743,P_Band7_6065-7568
M1,ambient,15% spirulina / 85% NaCl,15,85,M1_ambient,region_25,region,25.0,5.0,5.0,peak_depth,Band8,7568-8980,7568,8980,0.000207373,P_Band8_7568-8980
M1,vacuum,15% spirulina / 85% NaCl,15,85,M1_vacuum,average,average,,,,integral,Band1,4010-4192,4010,4192,-0.06017,I_Band1_4010-4192
M1,vacuum,15% spirulina / 85% NaCl,15,85,M1_vacuum,average,average,,,,integral,Band2,4192-4488,4192,4488,0.242926,I_Band2_4192-4488
M1,vacuum,15% spirulina / 85% NaCl,15,85,M1_vacuum,average,average,,,,integral,Band3,4488-4759,4488,4759,0.127894,I_Band3_4488-4759
M1,vacuum,15% spirulina / 85% NaCl,15,85,M1_vacuum,average,average,,,,integral,Band4,4759-4956,4759,4956,0.0815822,I_Band4_4759-4956
M1,vacuum,15% spirulina / 85% NaCl,15,85,M1_vacuum,average,average,,,,integral,Band5,4956-5414,4956,5414,-0.0736306,I_Band5_4956-5414
M1,vacuum,15% spirulina / 85% NaCl,15,85,M1_vacuum,average,average,,,,integral,Band6,5414-6065,5414,6065,0.227658,I_Band6_5414-6065
M1,vacuum,15% spirulina / 85% NaCl,15,85,M1_vacuum,average,average,,,,integral,Band7,6065-7568,6065,7568,0.402882,I_Band7_6065-7568
M1,vacuum,15% spirulina / 85% NaCl,15,85,M1_vacuum,average,average,,,,integral,Band8,7568-8980,7568,8980,0.075589,I_Band8_7568-8980
M1,vacuum,15% spirulina / 85% NaCl,15,85,M1_vacuum,average,average,,,,peak_depth,Band1,4010-4192,4010,4192,3.80945e-05,P_Band1_4010-4192
M1,vacuum,15% spirulina / 85% NaCl,15,85,M1_vacuum,average,average,,,,peak_depth,Band2,4192-4488,4192,4488,0.00158567,P_Band2_4192-4488
M1,vacuum,15% spirulina / 85% NaCl,15,85,M1_vacuum,average,average,,,,peak_depth,Band3,4488-4759,4488,4759,0.00104914,P_Band3_4488-4759
M1,vacuum,15% spirulina / 85% NaCl,15,85,M1_vacuum,average,average,,,,peak_depth,Band4,4759-4956,4759,4956,0.000849008,P_Band4_4759-4956
M1,vacuum,15% spirulina / 85% NaCl,15,85,M1_vacuum,average,average,,,,peak_depth,Band5,4956-5414,4956,5414,0.0,P_Band5_4956-5414
M1,vacuum,15% spirulina / 85% NaCl,15,85,M1_vacuum,average,average,,,,peak_depth,Band6,5414-6065,5414,6065,0.000800437,P_Band6_5414-6065
M1,vacuum,15% spirulina / 85% NaCl,15,85,M1_vacuum,average,average,,,,peak_depth,Band7,6065-7568,6065,7568,0.000664802,P_Band7_6065-7568
M1,vacuum,15% spirulina / 85% NaCl,15,85,M1_vacuum,average,average,,,,peak_depth,Band8,7568-8980,7568,8980,0.000175323,P_Band8_7568-8980
M1,vacuum,15% spirulina / 85% NaCl,15,85,M1_vacuum,region_01,region,1.0,1.0,1.0,integral,Band1,4010-4192,4010,4192,-0.0803455,I_Band1_4010-4192
M1,vacuum,15% spirulina / 85% NaCl,15,85,M1_vacuum,region_01,region,1.0,1.0,1.0,integral,Band2,4192-4488,4192,4488,0.198719,I_Band2_4192-4488
M1,vacuum,15% spirulina / 85% NaCl,15,85,M1_vacuum,region_01,region,1.0,1.0,1.0,integral,Band3,4488-4759,4488,4759,0.113014,I_Band3_4488-4759
M1,vacuum,15% spirulina / 85% NaCl,15,85,M1_vacuum,region_01,region,1.0,1.0,1.0,integral,Band4,4759-4956,4759,4956,0.0631541,I_Band4_4759-4956
M1,vacuum,15% spirulina / 85% NaCl,15,85,M1_vacuum,region_01,region,1.0,1.0,1.0,integral,Band5,4956-5414,4956,5414,-0.0228827,I_Band5_4956-5414
M1,vacuum,15% spirulina / 85% NaCl,15,85,M1_vacuum,region_01,region,1.0,1.0,1.0,integral,Band6,5414-6065,5414,6065,0.248419,I_Band6_5414-6065
M1,vacuum,15% spirulina / 85% NaCl,15,85,M1_vacuum,region_01,region,1.0,1.0,1.0,integral,Band7,6065-7568,6065,7568,0.391357,I_Band7_6065-7568
M1,vacuum,15% spirulina / 85% NaCl,15,85,M1_vacuum,region_01,region,1.0,1.0,1.0,integral,Band8,7568-8980,7568,8980,0.081495,I_Band8_7568-8980
M1,vacuum,15% spirulina / 85% NaCl,15,85,M1_vacuum,region_01,region,1.0,1.0,1.0,peak_depth,Band1,4010-4192,4010,4192,0.0,P_Band1_4010-4192
M1,vacuum,15% spirulina / 85% NaCl,15,85,M1_vacuum,region_01,region,1.0,1.0,1.0,peak_depth,Band2,4192-4488,4192,4488,0.00140564,P_Band2_4192-4488
M1,vacuum,15% spirulina / 85% NaCl,15,85,M1_vacuum,region_01,region,1.0,1.0,1.0,peak_depth,Band3,4488-4759,4488,4759,0.00105477,P_Band3_4488-4759
M1,vacuum,15% spirulina / 85% NaCl,15,85,M1_vacuum,region_01,region,1.0,1.0,1.0,peak_depth,Band4,4759-4956,4759,4956,0.000805562,P_Band4_4759-4956
M1,vacuum,15% spirulina / 85% NaCl,15,85,M1_vacuum,region_01,region,1.0,1.0,1.0,peak_depth,Band5,4956-5414,4956,5414,0.00011178,P_Band5_4956-5414
M1,vacuum,15% spirulina / 85% NaCl,15,85,M1_vacuum,region_01,region,1.0,1.0,1.0,peak_depth,Band6,5414-6065,5414,6065,0.000823218,P_Band6_5414-6065
M1,vacuum,15% spirulina / 85% NaCl,15,85,M1_vacuum,region_01,region,1.0,1.0,1.0,peak_depth,Band7,6065-7568,6065,7568,0.000670917,P_Band7_6065-7568
M1,vacuum,15% spirulina / 85% NaCl,15,85,M1_vacuum,region_01,region,1.0,1.0,1.0,peak_depth,Band8,7568-8980,7568,8980,0.000243799,P_Band8_7568-8980
M1,vacuum,15% spirulina / 85% NaCl,15,85,M1_vacuum,region_02,region,2.0,1.0,2.0,integral,Band1,4010-4192,4010,4192,-0.0359399,I_Band1_4010-4192
M1,vacuum,15% spirulina / 85% NaCl,15,85,M1_vacuum,region_02,region,2.0,1.0,2.0,integral,Band2,4192-4488,4192,4488,0.206179,I_Band2_4192-4488
M1,vacuum,15% spirulina / 85% NaCl,15,85,M1_vacuum,region_02,region,2.0,1.0,2.0,integral,Band3,4488-4759,4488,4759,0.0665439,I_Band3_4488-4759
M1,vacuum,15% spirulina / 85% NaCl,15,85,M1_vacuum,region_02,region,2.0,1.0,2.0,integral,Band4,4759-4956,4759,4956,0.0580337,I_Band4_4759-4956
M1,vacuum,15% spirulina / 85% NaCl,15,85,M1_vacuum,region_02,region,2.0,1.0,2.0,integral,Band5,4956-5414,4956,5414,0.0362761,I_Band5_4956-5414
M1,vacuum,15% spirulina / 85% NaCl,15,85,M1_vacuum,region_02,region,2.0,1.0,2.0,integral,Band6,5414-6065,5414,6065,0.349281,I_Band6_5414-6065
M1,vacuum,15% spirulina / 85% NaCl,15,85,M1_vacuum,region_02,region,2.0,1.0,2.0,integral,Band7,6065-7568,6065,7568,0.672952,I_Band7_6065-7568
M1,vacuum,15% spirulina / 85% NaCl,15,85,M1_vacuum,region_02,region,2.0,1.0,2.0,integral,Band8,7568-8980,7568,8980,0.124273,I_Band8_7568-8980
M1,vacuum,15% spirulina / 85% NaCl,15,85,M1_vacuum,region_02,region,2.0,1.0,2.0,peak_depth,Band1,4010-4192,4010,4192,4.17143e-05,P_Band1_4010-4192
M1,vacuum,15% spirulina / 85% NaCl,15,85,M1_vacuum,region_02,region,2.0,1.0,2.0,peak_depth,Band2,4192-4488,4192,4488,0.00136252,P_Band2_4192-4488
M1,vacuum,15% spirulina / 85% NaCl,15,85,M1_vacuum,region_02,region,2.0,1.0,2.0,peak_depth,Band3,4488-4759,4488,4759,0.000663763,P_Band3_4488-4759
M1,vacuum,15% spirulina / 85% NaCl,15,85,M1_vacuum,region_02,region,2.0,1.0,2.0,peak_depth,Band4,4759-4956,4759,4956,0.000599053,P_Band4_4759-4956
M1,vacuum,15% spirulina / 85% NaCl,15,85,M1_vacuum,region_02,region,2.0,1.0,2.0,peak_depth,Band5,4956-5414,4956,5414,0.00036663,P_Band5_4956-5414
M1,vacuum,15% spirulina / 85% NaCl,15,85,M1_vacuum,region_02,region,2.0,1.0,2.0,peak_depth,Band6,5414-6065,5414,6065,0.00112182,P_Band6_5414-6065
M1,vacuum,15% spirulina / 85% NaCl,15,85,M1_vacuum,region_02,region,2.0,1.0,2.0,peak_depth,Band7,6065-7568,6065,7568,0.000826044,P_Band7_6065-7568
M1,vacuum,15% spirulina / 85% NaCl,15,85,M1_vacuum,region_02,region,2.0,1.0,2.0,peak_depth,Band8,7568-8980,7568,8980,0.000344204,P_Band8_7568-8980
M1,vacuum,15% spirulina / 85% NaCl,15,85,M1_vacuum,region_03,region,3.0,1.0,3.0,integral,Band1,4010-4192,4010,4192,-0.0491942,I_Band1_4010-4192
M1,vacuum,15% spirulina / 85% NaCl,15,85,M1_vacuum,region_03,region,3.0,1.0,3.0,integral,Band2,4192-4488,4192,4488,0.217637,I_Band2_4192-4488
M1,vacuum,15% spirulina / 85% NaCl,15,85,M1_vacuum,region_03,region,3.0,1.0,3.0,integral,Band3,4488-4759,4488,4759,0.114574,I_Band3_4488-4759
M1,vacuum,15% spirulina / 85% NaCl,15,85,M1_vacuum,region_03,region,3.0,1.0,3.0,integral,Band4,4759-4956,4759,4956,0.074094,I_Band4_4759-4956
M1,vacuum,15% spirulina / 85% NaCl,15,85,M1_vacuum,region_03,region,3.0,1.0,3.0,integral,Band5,4956-5414,4956,5414,-0.0215601,I_Band5_4956-5414
M1,vacuum,15% spirulina / 85% NaCl,15,85,M1_vacuum,region_03,region,3.0,1.0,3.0,integral,Band6,5414-6065,5414,6065,0.20638,I_Band6_5414-6065
M1,vacuum,15% spirulina / 85% NaCl,15,85,M1_vacuum,region_03,region,3.0,1.0,3.0,integral,Band7,6065-7568,6065,7568,0.279705,I_Band7_6065-7568
M1,vacuum,15% spirulina / 85% NaCl,15,85,M1_vacuum,region_03,region,3.0,1.0,3.0,integral,Band8,7568-8980,7568,8980,0.0257779,I_Band8_7568-8980
M1,vacuum,15% spirulina / 85% NaCl,15,85,M1_vacuum,region_03,region,3.0,1.0,3.0,peak_depth,Band1,4010-4192,4010,4192,2.06791e-05,P_Band1_4010-4192
M1,vacuum,15% spirulina / 85% NaCl,15,85,M1_vacuum,region_03,region,3.0,1.0,3.0,peak_depth,Band2,4192-4488,4192,4488,0.00144685,P_Band2_4192-4488
M1,vacuum,15% spirulina / 85% NaCl,15,85,M1_vacuum,region_03,region,3.0,1.0,3.0,peak_depth,Band3,4488-4759,4488,4759,0.000935602,P_Band3_4488-4759
M1,vacuum,15% spirulina / 85% NaCl,15,85,M1_vacuum,region_03,region,3.0,1.0,3.0,peak_depth,Band4,4759-4956,4759,4956,0.000761185,P_Band4_4759-4956
M1,vacuum,15% spirulina / 85% NaCl,15,85,M1_vacuum,region_03,region,3.0,1.0,3.0,peak_depth,Band5,4956-5414,4956,5414,5.618e-05,P_Band5_4956-5414
M1,vacuum,15% spirulina / 85% NaCl,15,85,M1_vacuum,region_03,region,3.0,1.0,3.0,peak_depth,Band6,5414-6065,5414,6065,0.000709023,P_Band6_5414-6065
M1,vacuum,15% spirulina / 85% NaCl,15,85,M1_vacuum,region_03,region,3.0,1.0,3.0,peak_depth,Band7,6065-7568,6065,7568,0.000636797,P_Band7_6065-7568
M1,vacuum,15% spirulina / 85% NaCl,15,85,M1_vacuum,region_03,region,3.0,1.0,3.0,peak_depth,Band8,7568-8980,7568,8980,0.000165742,P_Band8_7568-8980
M1,vacuum,15% spirulina / 85% NaCl,15,85,M1_vacuum,region_04,region,4.0,1.0,4.0,integral,Band1,4010-4192,4010,4192,-0.0347772,I_Band1_4010-4192
M1,vacuum,15% spirulina / 85% NaCl,15,85,M1_vacuum,region_04,region,4.0,1.0,4.0,integral,Band2,4192-4488,4192,4488,0.321631,I_Band2_4192-4488
M1,vacuum,15% spirulina / 85% NaCl,15,85,M1_vacuum,region_04,region,4.0,1.0,4.0,integral,Band3,4488-4759,4488,4759,0.151196,I_Band3_4488-4759
M1,vacuum,15% spirulina / 85% NaCl,15,85,M1_vacuum,region_04,region,4.0,1.0,4.0,integral,Band4,4759-4956,4759,4956,0.0950004,I_Band4_4759-4956
M1,vacuum,15% spirulina / 85% NaCl,15,85,M1_vacuum,region_04,region,4.0,1.0,4.0,integral,Band5,4956-5414,4956,5414,-0.107778,I_Band5_4956-5414
M1,vacuum,15% spirulina / 85% NaCl,15,85,M1_vacuum,region_04,region,4.0,1.0,4.0,integral,Band6,5414-6065,5414,6065,0.307597,I_Band6_5414-6065
M1,vacuum,15% spirulina / 85% NaCl,15,85,M1_vacuum,region_04,region,4.0,1.0,4.0,integral,Band7,6065-7568,6065,7568,0.560329,I_Band7_6065-7568
M1,vacuum,15% spirulina / 85% NaCl,15,85,M1_vacuum,region_04,region,4.0,1.0,4.0,integral,Band8,7568-8980,7568,8980,0.0592401,I_Band8_7568-8980
M1,vacuum,15% spirulina / 85% NaCl,15,85,M1_vacuum,region_04,region,4.0,1.0,4.0,peak_depth,Band1,4010-4192,4010,4192,0.000167755,P_Band1_4010-4192
M1,vacuum,15% spirulina / 85% NaCl,15,85,M1_vacuum,region_04,region,4.0,1.0,4.0,peak_depth,Band2,4192-4488,4192,4488,0.00209866,P_Band2_4192-4488
M1,vacuum,15% spirulina / 85% NaCl,15,85,M1_vacuum,region_04,region,4.0,1.0,4.0,peak_depth,Band3,4488-4759,4488,4759,0.00118671,P_Band3_4488-4759
M1,vacuum,15% spirulina / 85% NaCl,15,85,M1_vacuum,region_04,region,4.0,1.0,4.0,peak_depth,Band4,4759-4956,4759,4956,0.000988734,P_Band4_4759-4956
M1,vacuum,15% spirulina / 85% NaCl,15,85,M1_vacuum,region_04,region,4.0,1.0,4.0,peak_depth,Band5,4956-5414,4956,5414,0.0,P_Band5_4956-5414
M1,vacuum,15% spirulina / 85% NaCl,15,85,M1_vacuum,region_04,region,4.0,1.0,4.0,peak_depth,Band6,5414-6065,5414,6065,0.000998472,P_Band6_5414-6065
M1,vacuum,15% spirulina / 85% NaCl,15,85,M1_vacuum,region_04,region,4.0,1.0,4.0,peak_depth,Band7,6065-7568,6065,7568,0.000917902,P_Band7_6065-7568
M1,vacuum,15% spirulina / 85% NaCl,15,85,M1_vacuum,region_04,region,4.0,1.0,4.0,peak_depth,Band8,7568-8980,7568,8980,0.000249606,P_Band8_7568-8980
M1,vacuum,15% spirulina / 85% NaCl,15,85,M1_vacuum,region_05,region,5.0,1.0,5.0,integral,Band1,4010-4192,4010,4192,-0.0606771,I_Band1_4010-4192
M1,vacuum,15% spirulina / 85% NaCl,15,85,M1_vacuum,region_05,region,5.0,1.0,5.0,integral,Band2,4192-4488,4192,4488,0.196791,I_Band2_4192-4488
M1,vacuum,15% spirulina / 85% NaCl,15,85,M1_vacuum,region_05,region,5.0,1.0,5.0,integral,Band3,4488-4759,4488,4759,0.11653,I_Band3_4488-4759
M1,vacuum,15% spirulina / 85% NaCl,15,85,M1_vacuum,region_05,region,5.0,1.0,5.0,integral,Band4,4759-4956,4759,4956,0.0615886,I_Band4_4759-4956
M1,vacuum,15% spirulina / 85% NaCl,15,85,M1_vacuum,region_05,region,5.0,1.0,5.0,integral,Band5,4956-5414,4956,5414,-0.0131971,I_Band5_4956-5414
M1,vacuum,15% spirulina / 85% NaCl,15,85,M1_vacuum,region_05,region,5.0,1.0,5.0,integral,Band6,5414-6065,5414,6065,0.198309,I_Band6_5414-6065
M1,vacuum,15% spirulina / 85% NaCl,15,85,M1_vacuum,region_05,region,5.0,1.0,5.0,integral,Band7,6065-7568,6065,7568,0.22305,I_Band7_6065-7568
M1,vacuum,15% spirulina / 85% NaCl,15,85,M1_vacuum,region_05,region,5.0,1.0,5.0,integral,Band8,7568-8980,7568,8980,0.054095,I_Band8_7568-8980
M1,vacuum,15% spirulina / 85% NaCl,15,85,M1_vacuum,region_05,region,5.0,1.0,5.0,peak_depth,Band1,4010-4192,4010,4192,0.0,P_Band1_4010-4192
M1,vacuum,15% spirulina / 85% NaCl,15,85,M1_vacuum,region_05,region,5.0,1.0,5.0,peak_depth,Band2,4192-4488,4192,4488,0.00128771,P_Band2_4192-4488
M1,vacuum,15% spirulina / 85% NaCl,15,85,M1_vacuum,region_05,region,5.0,1.0,5.0,peak_depth,Band3,4488-4759,4488,4759,0.000886108,P_Band3_4488-4759
M1,vacuum,15% spirulina / 85% NaCl,15,85,M1_vacuum,region_05,region,5.0,1.0,5.0,peak_depth,Band4,4759-4956,4759,4956,0.000677482,P_Band4_4759-4956
M1,vacuum,15% spirulina / 85% NaCl,15,85,M1_vacuum,region_05,region,5.0,1.0,5.0,peak_depth,Band5,4956-5414,4956,5414,0.000160396,P_Band5_4956-5414
M1,vacuum,15% spirulina / 85% NaCl,15,85,M1_vacuum,region_05,region,5.0,1.0,5.0,peak_depth,Band6,5414-6065,5414,6065,0.000656573,P_Band6_5414-6065
M1,vacuum,15% spirulina / 85% NaCl,15,85,M1_vacuum,region_05,region,5.0,1.0,5.0,peak_depth,Band7,6065-7568,6065,7568,0.000499272,P_Band7_6065-7568
M1,vacuum,15% spirulina / 85% NaCl,15,85,M1_vacuum,region_05,region,5.0,1.0,5.0,peak_depth,Band8,7568-8980,7568,8980,0.000208673,P_Band8_7568-8980
M1,vacuum,15% spirulina / 85% NaCl,15,85,M1_vacuum,region_06,region,6.0,2.0,1.0,integral,Band1,4010-4192,4010,4192,-0.0518266,I_Band1_4010-4192
M1,vacuum,15% spirulina / 85% NaCl,15,85,M1_vacuum,region_06,region,6.0,2.0,1.0,integral,Band2,4192-4488,4192,4488,0.261446,I_Band2_4192-4488
M1,vacuum,15% spirulina / 85% NaCl,15,85,M1_vacuum,region_06,region,6.0,2.0,1.0,integral,Band3,4488-4759,4488,4759,0.14186,I_Band3_4488-4759
M1,vacuum,15% spirulina / 85% NaCl,15,85,M1_vacuum,region_06,region,6.0,2.0,1.0,integral,Band4,4759-4956,4759,4956,0.085504,I_Band4_4759-4956
M1,vacuum,15% spirulina / 85% NaCl,15,85,M1_vacuum,region_06,region,6.0,2.0,1.0,integral,Band5,4956-5414,4956,5414,-0.0580387,I_Band5_4956-5414
M1,vacuum,15% spirulina / 85% NaCl,15,85,M1_vacuum,region_06,region,6.0,2.0,1.0,integral,Band6,5414-6065,5414,6065,0.270543,I_Band6_5414-6065
M1,vacuum,15% spirulina / 85% NaCl,15,85,M1_vacuum,region_06,region,6.0,2.0,1.0,integral,Band7,6065-7568,6065,7568,0.428081,I_Band7_6065-7568
M1,vacuum,15% spirulina / 85% NaCl,15,85,M1_vacuum,region_06,region,6.0,2.0,1.0,integral,Band8,7568-8980,7568,8980,0.0373932,I_Band8_7568-8980
M1,vacuum,15% spirulina / 85% NaCl,15,85,M1_vacuum,region_06,region,6.0,2.0,1.0,peak_depth,Band1,4010-4192,4010,4192,0.000113406,P_Band1_4010-4192
M1,vacuum,15% spirulina / 85% NaCl,15,85,M1_vacuum,region_06,region,6.0,2.0,1.0,peak_depth,Band2,4192-4488,4192,4488,0.00160871,P_Band2_4192-4488
M1,vacuum,15% spirulina / 85% NaCl,15,85,M1_vacuum,region_06,region,6.0,2.0,1.0,peak_depth,Band3,4488-4759,4488,4759,0.00118705,P_Band3_4488-4759
M1,vacuum,15% spirulina / 85% NaCl,15,85,M1_vacuum,region_06,region,6.0,2.0,1.0,peak_depth,Band4,4759-4956,4759,4956,0.000866464,P_Band4_4759-4956
M1,vacuum,15% spirulina / 85% NaCl,15,85,M1_vacuum,region_06,region,6.0,2.0,1.0,peak_depth,Band5,4956-5414,4956,5414,0.0,P_Band5_4956-5414
M1,vacuum,15% spirulina / 85% NaCl,15,85,M1_vacuum,region_06,region,6.0,2.0,1.0,peak_depth,Band6,5414-6065,5414,6065,0.000885722,P_Band6_5414-6065
M1,vacuum,15% spirulina / 85% NaCl,15,85,M1_vacuum,region_06,region,6.0,2.0,1.0,peak_depth,Band7,6065-7568,6065,7568,0.000679503,P_Band7_6065-7568
M1,vacuum,15% spirulina / 85% NaCl,15,85,M1_vacuum,region_06,region,6.0,2.0,1.0,peak_depth,Band8,7568-8980,7568,8980,0.000156083,P_Band8_7568-8980
M1,vacuum,15% spirulina / 85% NaCl,15,85,M1_vacuum,region_07,region,7.0,2.0,2.0,integral,Band1,4010-4192,4010,4192,-0.0651065,I_Band1_4010-4192
M1,vacuum,15% spirulina / 85% NaCl,15,85,M1_vacuum,region_07,region,7.0,2.0,2.0,integral,Band2,4192-4488,4192,4488,0.253073,I_Band2_4192-4488
M1,vacuum,15% spirulina / 85% NaCl,15,85,M1_vacuum,region_07,region,7.0,2.0,2.0,integral,Band3,4488-4759,4488,4759,0.135849,I_Band3_4488-4759
M1,vacuum,15% spirulina / 85% NaCl,15,85,M1_vacuum,region_07,region,7.0,2.0,2.0,integral,Band4,4759-4956,4759,4956,0.0842214,I_Band4_4759-4956
M1,vacuum,15% spirulina / 85% NaCl,15,85,M1_vacuum,region_07,region,7.0,2.0,2.0,integral,Band5,4956-5414,4956,5414,-0.0721142,I_Band5_4956-5414
M1,vacuum,15% spirulina / 85% NaCl,15,85,M1_vacuum,region_07,region,7.0,2.0,2.0,integral,Band6,5414-6065,5414,6065,0.230006,I_Band6_5414-6065
M1,vacuum,15% spirulina / 85% NaCl,15,85,M1_vacuum,region_07,region,7.0,2.0,2.0,integral,Band7,6065-7568,6065,7568,0.346336,I_Band7_6065-7568
M1,vacuum,15% spirulina / 85% NaCl,15,85,M1_vacuum,region_07,region,7.0,2.0,2.0,integral,Band8,7568-8980,7568,8980,0.104948,I_Band8_7568-8980
M1,vacuum,15% spirulina / 85% NaCl,15,85,M1_vacuum,region_07,region,7.0,2.0,2.0,peak_depth,Band1,4010-4192,4010,4192,5.91368e-06,P_Band1_4010-4192
M1,vacuum,15% spirulina / 85% NaCl,15,85,M1_vacuum,region_07,region,7.0,2.0,2.0,peak_depth,Band2,4192-4488,4192,4488,0.00160213,P_Band2_4192-4488
M1,vacuum,15% spirulina / 85% NaCl,15,85,M1_vacuum,region_07,region,7.0,2.0,2.0,peak_depth,Band3,4488-4759,4488,4759,0.00112426,P_Band3_4488-4759
M1,vacuum,15% spirulina / 85% NaCl,15,85,M1_vacuum,region_07,region,7.0,2.0,2.0,peak_depth,Band4,4759-4956,4759,4956,0.000866571,P_Band4_4759-4956
M1,vacuum,15% spirulina / 85% NaCl,15,85,M1_vacuum,region_07,region,7.0,2.0,2.0,peak_depth,Band5,4956-5414,4956,5414,0.0,P_Band5_4956-5414
M1,vacuum,15% spirulina / 85% NaCl,15,85,M1_vacuum,region_07,region,7.0,2.0,2.0,peak_depth,Band6,5414-6065,5414,6065,0.000812772,P_Band6_5414-6065
M1,vacuum,15% spirulina / 85% NaCl,15,85,M1_vacuum,region_07,region,7.0,2.0,2.0,peak_depth,Band7,6065-7568,6065,7568,0.00066894,P_Band7_6065-7568
M1,vacuum,15% spirulina / 85% NaCl,15,85,M1_vacuum,region_07,region,7.0,2.0,2.0,peak_depth,Band8,7568-8980,7568,8980,0.000215053,P_Band8_7568-8980
M1,vacuum,15% spirulina / 85% NaCl,15,85,M1_vacuum,region_08,region,8.0,2.0,3.0,integral,Band1,4010-4192,4010,4192,-0.0397041,I_Band1_4010-4192
M1,vacuum,15% spirulina / 85% NaCl,15,85,M1_vacuum,region_08,region,8.0,2.0,3.0,integral,Band2,4192-4488,4192,4488,0.259926,I_Band2_4192-4488
M1,vacuum,15% spirulina / 85% NaCl,15,85,M1_vacuum,region_08,region,8.0,2.0,3.0,integral,Band3,4488-4759,4488,4759,0.140176,I_Band3_4488-4759
M1,vacuum,15% spirulina / 85% NaCl,15,85,M1_vacuum,region_08,region,8.0,2.0,3.0,integral,Band4,4759-4956,4759,4956,0.0837077,I_Band4_4759-4956
M1,vacuum,15% spirulina / 85% NaCl,15,85,M1_vacuum,region_08,region,8.0,2.0,3.0,integral,Band5,4956-5414,4956,5414,-0.0906286,I_Band5_4956-5414
M1,vacuum,15% spirulina / 85% NaCl,15,85,M1_vacuum,region_08,region,8.0,2.0,3.0,integral,Band6,5414-6065,5414,6065,0.252931,I_Band6_5414-6065
M1,vacuum,15% spirulina / 85% NaCl,15,85,M1_vacuum,region_08,region,8.0,2.0,3.0,integral,Band7,6065-7568,6065,7568,0.399359,I_Band7_6065-7568
M1,vacuum,15% spirulina / 85% NaCl,15,85,M1_vacuum,region_08,region,8.0,2.0,3.0,integral,Band8,7568-8980,7568,8980,0.0808977,I_Band8_7568-8980
M1,vacuum,15% spirulina / 85% NaCl,15,85,M1_vacuum,region_08,region,8.0,2.0,3.0,peak_depth,Band1,4010-4192,4010,4192,9.63497e-05,P_Band1_4010-4192
M1,vacuum,15% spirulina / 85% NaCl,15,85,M1_vacuum,region_08,region,8.0,2.0,3.0,peak_depth,Band2,4192-4488,4192,4488,0.00162443,P_Band2_4192-4488
M1,vacuum,15% spirulina / 85% NaCl,15,85,M1_vacuum,region_08,region,8.0,2.0,3.0,peak_depth,Band3,4488-4759,4488,4759,0.00111457,P_Band3_4488-4759
M1,vacuum,15% spirulina / 85% NaCl,15,85,M1_vacuum,region_08,region,8.0,2.0,3.0,peak_depth,Band4,4759-4956,4759,4956,0.000880752,P_Band4_4759-4956
M1,vacuum,15% spirulina / 85% NaCl,15,85,M1_vacuum,region_08,region,8.0,2.0,3.0,peak_depth,Band5,4956-5414,4956,5414,0.0,P_Band5_4956-5414
M1,vacuum,15% spirulina / 85% NaCl,15,85,M1_vacuum,region_08,region,8.0,2.0,3.0,peak_depth,Band6,5414-6065,5414,6065,0.000894262,P_Band6_5414-6065
M1,vacuum,15% spirulina / 85% NaCl,15,85,M1_vacuum,region_08,region,8.0,2.0,3.0,peak_depth,Band7,6065-7568,6065,7568,0.000718873,P_Band7_6065-7568
M1,vacuum,15% spirulina / 85% NaCl,15,85,M1_vacuum,region_08,region,8.0,2.0,3.0,peak_depth,Band8,7568-8980,7568,8980,0.00018122,P_Band8_7568-8980
M1,vacuum,15% spirulina / 85% NaCl,15,85,M1_vacuum,region_09,region,9.0,2.0,4.0,integral,Band1,4010-4192,4010,4192,-0.063635,I_Band1_4010-4192
M1,vacuum,15% spirulina / 85% NaCl,15,85,M1_vacuum,region_09,region,9.0,2.0,4.0,integral,Band2,4192-4488,4192,4488,0.236074,I_Band2_4192-4488
M1,vacuum,15% spirulina / 85% NaCl,15,85,M1_vacuum,region_09,region,9.0,2.0,4.0,integral,Band3,4488-4759,4488,4759,0.119653,I_Band3_4488-4759
M1,vacuum,15% spirulina / 85% NaCl,15,85,M1_vacuum,region_09,region,9.0,2.0,4.0,integral,Band4,4759-4956,4759,4956,0.0761413,I_Band4_4759-4956
M1,vacuum,15% spirulina / 85% NaCl,15,85,M1_vacuum,region_09,region,9.0,2.0,4.0,integral,Band5,4956-5414,4956,5414,-0.058545,I_Band5_4956-5414
M1,vacuum,15% spirulina / 85% NaCl,15,85,M1_vacuum,region_09,region,9.0,2.0,4.0,integral,Band6,5414-6065,5414,6065,0.224389,I_Band6_5414-6065
M1,vacuum,15% spirulina / 85% NaCl,15,85,M1_vacuum,region_09,region,9.0,2.0,4.0,integral,Band7,6065-7568,6065,7568,0.371938,I_Band7_6065-7568
M1,vacuum,15% spirulina / 85% NaCl,15,85,M1_vacuum,region_09,region,9.0,2.0,4.0,integral,Band8,7568-8980,7568,8980,0.0337843,I_Band8_7568-8980
M1,vacuum,15% spirulina / 85% NaCl,15,85,M1_vacuum,region_09,region,9.0,2.0,4.0,peak_depth,Band1,4010-4192,4010,4192,3.55576e-05,P_Band1_4010-4192
M1,vacuum,15% spirulina / 85% NaCl,15,85,M1_vacuum,region_09,region,9.0,2.0,4.0,peak_depth,Band2,4192-4488,4192,4488,0.00149355,P_Band2_4192-4488
M1,vacuum,15% spirulina / 85% NaCl,15,85,M1_vacuum,region_09,region,9.0,2.0,4.0,peak_depth,Band3,4488-4759,4488,4759,0.000958777,P_Band3_4488-4759
M1,vacuum,15% spirulina / 85% NaCl,15,85,M1_vacuum,region_09,region,9.0,2.0,4.0,peak_depth,Band4,4759-4956,4759,4956,0.00079525,P_Band4_4759-4956
M1,vacuum,15% spirulina / 85% NaCl,15,85,M1_vacuum,region_09,region,9.0,2.0,4.0,peak_depth,Band5,4956-5414,4956,5414,0.0,P_Band5_4956-5414
M1,vacuum,15% spirulina / 85% NaCl,15,85,M1_vacuum,region_09,region,9.0,2.0,4.0,peak_depth,Band6,5414-6065,5414,6065,0.000728292,P_Band6_5414-6065
M1,vacuum,15% spirulina / 85% NaCl,15,85,M1_vacuum,region_09,region,9.0,2.0,4.0,peak_depth,Band7,6065-7568,6065,7568,0.000635674,P_Band7_6065-7568
M1,vacuum,15% spirulina / 85% NaCl,15,85,M1_vacuum,region_09,region,9.0,2.0,4.0,peak_depth,Band8,7568-8980,7568,8980,0.000160804,P_Band8_7568-8980
M1,vacuum,15% spirulina / 85% NaCl,15,85,M1_vacuum,region_10,region,10.0,2.0,5.0,integral,Band1,4010-4192,4010,4192,-0.0431361,I_Band1_4010-4192
M1,vacuum,15% spirulina / 85% NaCl,15,85,M1_vacuum,region_10,region,10.0,2.0,5.0,integral,Band2,4192-4488,4192,4488,0.231514,I_Band2_4192-4488
M1,vacuum,15% spirulina / 85% NaCl,15,85,M1_vacuum,region_10,region,10.0,2.0,5.0,integral,Band3,4488-4759,4488,4759,0.123503,I_Band3_4488-4759
M1,vacuum,15% spirulina / 85% NaCl,15,85,M1_vacuum,region_10,region,10.0,2.0,5.0,integral,Band4,4759-4956,4759,4956,0.0789179,I_Band4_4759-4956
M1,vacuum,15% spirulina / 85% NaCl,15,85,M1_vacuum,region_10,region,10.0,2.0,5.0,integral,Band5,4956-5414,4956,5414,-0.066278,I_Band5_4956-5414
M1,vacuum,15% spirulina / 85% NaCl,15,85,M1_vacuum,region_10,region,10.0,2.0,5.0,integral,Band6,5414-6065,5414,6065,0.239708,I_Band6_5414-6065
M1,vacuum,15% spirulina / 85% NaCl,15,85,M1_vacuum,region_10,region,10.0,2.0,5.0,integral,Band7,6065-7568,6065,7568,0.396203,I_Band7_6065-7568
M1,vacuum,15% spirulina / 85% NaCl,15,85,M1_vacuum,region_10,region,10.0,2.0,5.0,integral,Band8,7568-8980,7568,8980,0.0528831,I_Band8_7568-8980
M1,vacuum,15% spirulina / 85% NaCl,15,85,M1_vacuum,region_10,region,10.0,2.0,5.0,peak_depth,Band1,4010-4192,4010,4192,5.52573e-05,P_Band1_4010-4192
M1,vacuum,15% spirulina / 85% NaCl,15,85,M1_vacuum,region_10,region,10.0,2.0,5.0,peak_depth,Band2,4192-4488,4192,4488,0.00148552,P_Band2_4192-4488
M1,vacuum,15% spirulina / 85% NaCl,15,85,M1_vacuum,region_10,region,10.0,2.0,5.0,peak_depth,Band3,4488-4759,4488,4759,0.000987422,P_Band3_4488-4759
M1,vacuum,15% spirulina / 85% NaCl,15,85,M1_vacuum,region_10,region,10.0,2.0,5.0,peak_depth,Band4,4759-4956,4759,4956,0.000815715,P_Band4_4759-4956
M1,vacuum,15% spirulina / 85% NaCl,15,85,M1_vacuum,region_10,region,10.0,2.0,5.0,peak_depth,Band5,4956-5414,4956,5414,0.0,P_Band5_4956-5414
M1,vacuum,15% spirulina / 85% NaCl,15,85,M1_vacuum,region_10,region,10.0,2.0,5.0,peak_depth,Band6,5414-6065,5414,6065,0.000794897,P_Band6_5414-6065
M1,vacuum,15% spirulina / 85% NaCl,15,85,M1_vacuum,region_10,region,10.0,2.0,5.0,peak_depth,Band7,6065-7568,6065,7568,0.000662222,P_Band7_6065-7568
M1,vacuum,15% spirulina / 85% NaCl,15,85,M1_vacuum,region_10,region,10.0,2.0,5.0,peak_depth,Band8,7568-8980,7568,8980,0.00015385,P_Band8_7568-8980
M1,vacuum,15% spirulina / 85% NaCl,15,85,M1_vacuum,region_11,region,11.0,3.0,1.0,integral,Band1,4010-4192,4010,4192,-0.0553718,I_Band1_4010-4192
M1,vacuum,15% spirulina / 85% NaCl,15,85,M1_vacuum,region_11,region,11.0,3.0,1.0,integral,Band2,4192-4488,4192,4488,0.297089,I_Band2_4192-4488
M1,vacuum,15% spirulina / 85% NaCl,15,85,M1_vacuum,region_11,region,11.0,3.0,1.0,integral,Band3,4488-4759,4488,4759,0.151111,I_Band3_4488-4759
M1,vacuum,15% spirulina / 85% NaCl,15,85,M1_vacuum,region_11,region,11.0,3.0,1.0,integral,Band4,4759-4956,4759,4956,0.102131,I_Band4_4759-4956
M1,vacuum,15% spirulina / 85% NaCl,15,85,M1_vacuum,region_11,region,11.0,3.0,1.0,integral,Band5,4956-5414,4956,5414,-0.105634,I_Band5_4956-5414
M1,vacuum,15% spirulina / 85% NaCl,15,85,M1_vacuum,region_11,region,11.0,3.0,1.0,integral,Band6,5414-6065,5414,6065,0.284845,I_Band6_5414-6065
M1,vacuum,15% spirulina / 85% NaCl,15,85,M1_vacuum,region_11,region,11.0,3.0,1.0,integral,Band7,6065-7568,6065,7568,0.415178,I_Band7_6065-7568
M1,vacuum,15% spirulina / 85% NaCl,15,85,M1_vacuum,region_11,region,11.0,3.0,1.0,integral,Band8,7568-8980,7568,8980,0.0888774,I_Band8_7568-8980
M1,vacuum,15% spirulina / 85% NaCl,15,85,M1_vacuum,region_11,region,11.0,3.0,1.0,peak_depth,Band1,4010-4192,4010,4192,6.22938e-05,P_Band1_4010-4192
M1,vacuum,15% spirulina / 85% NaCl,15,85,M1_vacuum,region_11,region,11.0,3.0,1.0,peak_depth,Band2,4192-4488,4192,4488,0.00187689,P_Band2_4192-4488
M1,vacuum,15% spirulina / 85% NaCl,15,85,M1_vacuum,region_11,region,11.0,3.0,1.0,peak_depth,Band3,4488-4759,4488,4759,0.00123201,P_Band3_4488-4759
M1,vacuum,15% spirulina / 85% NaCl,15,85,M1_vacuum,region_11,region,11.0,3.0,1.0,peak_depth,Band4,4759-4956,4759,4956,0.00107249,P_Band4_4759-4956
M1,vacuum,15% spirulina / 85% NaCl,15,85,M1_vacuum,region_11,region,11.0,3.0,1.0,peak_depth,Band5,4956-5414,4956,5414,0.0,P_Band5_4956-5414
M1,vacuum,15% spirulina / 85% NaCl,15,85,M1_vacuum,region_11,region,11.0,3.0,1.0,peak_depth,Band6,5414-6065,5414,6065,0.000978823,P_Band6_5414-6065
M1,vacuum,15% spirulina / 85% NaCl,15,85,M1_vacuum,region_11,region,11.0,3.0,1.0,peak_depth,Band7,6065-7568,6065,7568,0.000772495,P_Band7_6065-7568
M1,vacuum,15% spirulina / 85% NaCl,15,85,M1_vacuum,region_11,region,11.0,3.0,1.0,peak_depth,Band8,7568-8980,7568,8980,0.000219619,P_Band8_7568-8980
M1,vacuum,15% spirulina / 85% NaCl,15,85,M1_vacuum,region_12,region,12.0,3.0,2.0,integral,Band1,4010-4192,4010,4192,-0.0527891,I_Band1_4010-4192
M1,vacuum,15% spirulina / 85% NaCl,15,85,M1_vacuum,region_12,region,12.0,3.0,2.0,integral,Band2,4192-4488,4192,4488,0.342956,I_Band2_4192-4488
M1,vacuum,15% spirulina / 85% NaCl,15,85,M1_vacuum,region_12,region,12.0,3.0,2.0,integral,Band3,4488-4759,4488,4759,0.170596,I_Band3_4488-4759
M1,vacuum,15% spirulina / 85% NaCl,15,85,M1_vacuum,region_12,region,12.0,3.0,2.0,integral,Band4,4759-4956,4759,4956,0.114174,I_Band4_4759-4956
M1,vacuum,15% spirulina / 85% NaCl,15,85,M1_vacuum,region_12,region,12.0,3.0,2.0,integral,Band5,4956-5414,4956,5414,-0.166552,I_Band5_4956-5414
M1,vacuum,15% spirulina / 85% NaCl,15,85,M1_vacuum,region_12,region,12.0,3.0,2.0,integral,Band6,5414-6065,5414,6065,0.301972,I_Band6_5414-6065
M1,vacuum,15% spirulina / 85% NaCl,15,85,M1_vacuum,region_12,region,12.0,3.0,2.0,integral,Band7,6065-7568,6065,7568,0.510296,I_Band7_6065-7568
M1,vacuum,15% spirulina / 85% NaCl,15,85,M1_vacuum,region_12,region,12.0,3.0,2.0,integral,Band8,7568-8980,7568,8980,0.117438,I_Band8_7568-8980
M1,vacuum,15% spirulina / 85% NaCl,15,85,M1_vacuum,region_12,region,12.0,3.0,2.0,peak_depth,Band1,4010-4192,4010,4192,0.00013902,P_Band1_4010-4192
M1,vacuum,15% spirulina / 85% NaCl,15,85,M1_vacuum,region_12,region,12.0,3.0,2.0,peak_depth,Band2,4192-4488,4192,4488,0.00215073,P_Band2_4192-4488
M1,vacuum,15% spirulina / 85% NaCl,15,85,M1_vacuum,region_12,region,12.0,3.0,2.0,peak_depth,Band3,4488-4759,4488,4759,0.00140847,P_Band3_4488-4759
M1,vacuum,15% spirulina / 85% NaCl,15,85,M1_vacuum,region_12,region,12.0,3.0,2.0,peak_depth,Band4,4759-4956,4759,4956,0.00121027,P_Band4_4759-4956
M1,vacuum,15% spirulina / 85% NaCl,15,85,M1_vacuum,region_12,region,12.0,3.0,2.0,peak_depth,Band5,4956-5414,4956,5414,0.0,P_Band5_4956-5414
M1,vacuum,15% spirulina / 85% NaCl,15,85,M1_vacuum,region_12,region,12.0,3.0,2.0,peak_depth,Band6,5414-6065,5414,6065,0.00108045,P_Band6_5414-6065
M1,vacuum,15% spirulina / 85% NaCl,15,85,M1_vacuum,region_12,region,12.0,3.0,2.0,peak_depth,Band7,6065-7568,6065,7568,0.000914482,P_Band7_6065-7568
M1,vacuum,15% spirulina / 85% NaCl,15,85,M1_vacuum,region_12,region,12.0,3.0,2.0,peak_depth,Band8,7568-8980,7568,8980,0.000230261,P_Band8_7568-8980
M1,vacuum,15% spirulina / 85% NaCl,15,85,M1_vacuum,region_13,region,13.0,3.0,3.0,integral,Band1,4010-4192,4010,4192,-0.0426748,I_Band1_4010-4192
M1,vacuum,15% spirulina / 85% NaCl,15,85,M1_vacuum,region_13,region,13.0,3.0,3.0,integral,Band2,4192-4488,4192,4488,0.264435,I_Band2_4192-4488
M1,vacuum,15% spirulina / 85% NaCl,15,85,M1_vacuum,region_13,region,13.0,3.0,3.0,integral,Band3,4488-4759,4488,4759,0.150212,I_Band3_4488-4759
M1,vacuum,15% spirulina / 85% NaCl,15,85,M1_vacuum,region_13,region,13.0,3.0,3.0,integral,Band4,4759-4956,4759,4956,0.0914821,I_Band4_4759-4956
M1,vacuum,15% spirulina / 85% NaCl,15,85,M1_vacuum,region_13,region,13.0,3.0,3.0,integral,Band5,4956-5414,4956,5414,-0.0943163,I_Band5_4956-5414
M1,vacuum,15% spirulina / 85% NaCl,15,85,M1_vacuum,region_13,region,13.0,3.0,3.0,integral,Band6,5414-6065,5414,6065,0.243842,I_Band6_5414-6065
M1,vacuum,15% spirulina / 85% NaCl,15,85,M1_vacuum,region_13,region,13.0,3.0,3.0,integral,Band7,6065-7568,6065,7568,0.323463,I_Band7_6065-7568
M1,vacuum,15% spirulina / 85% NaCl,15,85,M1_vacuum,region_13,region,13.0,3.0,3.0,integral,Band8,7568-8980,7568,8980,0.111068,I_Band8_7568-8980
M1,vacuum,15% spirulina / 85% NaCl,15,85,M1_vacuum,region_13,region,13.0,3.0,3.0,peak_depth,Band1,4010-4192,4010,4192,0.000132386,P_Band1_4010-4192
M1,vacuum,15% spirulina / 85% NaCl,15,85,M1_vacuum,region_13,region,13.0,3.0,3.0,peak_depth,Band2,4192-4488,4192,4488,0.00170253,P_Band2_4192-4488
M1,vacuum,15% spirulina / 85% NaCl,15,85,M1_vacuum,region_13,region,13.0,3.0,3.0,peak_depth,Band3,4488-4759,4488,4759,0.00117989,P_Band3_4488-4759
M1,vacuum,15% spirulina / 85% NaCl,15,85,M1_vacuum,region_13,region,13.0,3.0,3.0,peak_depth,Band4,4759-4956,4759,4956,0.0009533,P_Band4_4759-4956
M1,vacuum,15% spirulina / 85% NaCl,15,85,M1_vacuum,region_13,region,13.0,3.0,3.0,peak_depth,Band5,4956-5414,4956,5414,0.0,P_Band5_4956-5414
M1,vacuum,15% spirulina / 85% NaCl,15,85,M1_vacuum,region_13,region,13.0,3.0,3.0,peak_depth,Band6,5414-6065,5414,6065,0.00085497,P_Band6_5414-6065
M1,vacuum,15% spirulina / 85% NaCl,15,85,M1_vacuum,region_13,region,13.0,3.0,3.0,peak_depth,Band7,6065-7568,6065,7568,0.000618539,P_Band7_6065-7568
M1,vacuum,15% spirulina / 85% NaCl,15,85,M1_vacuum,region_13,region,13.0,3.0,3.0,peak_depth,Band8,7568-8980,7568,8980,0.000223936,P_Band8_7568-8980
M1,vacuum,15% spirulina / 85% NaCl,15,85,M1_vacuum,region_14,region,14.0,3.0,4.0,integral,Band1,4010-4192,4010,4192,-0.0415703,I_Band1_4010-4192
M1,vacuum,15% spirulina / 85% NaCl,15,85,M1_vacuum,region_14,region,14.0,3.0,4.0,integral,Band2,4192-4488,4192,4488,0.264137,I_Band2_4192-4488
M1,vacuum,15% spirulina / 85% NaCl,15,85,M1_vacuum,region_14,region,14.0,3.0,4.0,integral,Band3,4488-4759,4488,4759,0.143347,I_Band3_4488-4759
M1,vacuum,15% spirulina / 85% NaCl,15,85,M1_vacuum,region_14,region,14.0,3.0,4.0,integral,Band4,4759-4956,4759,4956,0.0882343,I_Band4_4759-4956
M1,vacuum,15% spirulina / 85% NaCl,15,85,M1_vacuum,region_14,region,14.0,3.0,4.0,integral,Band5,4956-5414,4956,5414,-0.0885798,I_Band5_4956-5414
M1,vacuum,15% spirulina / 85% NaCl,15,85,M1_vacuum,region_14,region,14.0,3.0,4.0,integral,Band6,5414-6065,5414,6065,0.209966,I_Band6_5414-6065
M1,vacuum,15% spirulina / 85% NaCl,15,85,M1_vacuum,region_14,region,14.0,3.0,4.0,integral,Band7,6065-7568,6065,7568,0.33609,I_Band7_6065-7568
M1,vacuum,15% spirulina / 85% NaCl,15,85,M1_vacuum,region_14,region,14.0,3.0,4.0,integral,Band8,7568-8980,7568,8980,-0.0341948,I_Band8_7568-8980
M1,vacuum,15% spirulina / 85% NaCl,15,85,M1_vacuum,region_14,region,14.0,3.0,4.0,peak_depth,Band1,4010-4192,4010,4192,0.000104745,P_Band1_4010-4192
M1,vacuum,15% spirulina / 85% NaCl,15,85,M1_vacuum,region_14,region,14.0,3.0,4.0,peak_depth,Band2,4192-4488,4192,4488,0.00168626,P_Band2_4192-4488
M1,vacuum,15% spirulina / 85% NaCl,15,85,M1_vacuum,region_14,region,14.0,3.0,4.0,peak_depth,Band3,4488-4759,4488,4759,0.0011614,P_Band3_4488-4759
M1,vacuum,15% spirulina / 85% NaCl,15,85,M1_vacuum,region_14,region,14.0,3.0,4.0,peak_depth,Band4,4759-4956,4759,4956,0.00091341,P_Band4_4759-4956
M1,vacuum,15% spirulina / 85% NaCl,15,85,M1_vacuum,region_14,region,14.0,3.0,4.0,peak_depth,Band5,4956-5414,4956,5414,0.0,P_Band5_4956-5414
M1,vacuum,15% spirulina / 85% NaCl,15,85,M1_vacuum,region_14,region,14.0,3.0,4.0,peak_depth,Band6,5414-6065,5414,6065,0.000776327,P_Band6_5414-6065
M1,vacuum,15% spirulina / 85% NaCl,15,85,M1_vacuum,region_14,region,14.0,3.0,4.0,peak_depth,Band7,6065-7568,6065,7568,0.000658731,P_Band7_6065-7568
M1,vacuum,15% spirulina / 85% NaCl,15,85,M1_vacuum,region_14,region,14.0,3.0,4.0,peak_depth,Band8,7568-8980,7568,8980,7.02603e-05,P_Band8_7568-8980
M1,vacuum,15% spirulina / 85% NaCl,15,85,M1_vacuum,region_15,region,15.0,3.0,5.0,integral,Band1,4010-4192,4010,4192,-0.0601892,I_Band1_4010-4192
M1,vacuum,15% spirulina / 85% NaCl,15,85,M1_vacuum,region_15,region,15.0,3.0,5.0,integral,Band2,4192-4488,4192,4488,0.238601,I_Band2_4192-4488
M1,vacuum,15% spirulina / 85% NaCl,15,85,M1_vacuum,region_15,region,15.0,3.0,5.0,integral,Band3,4488-4759,4488,4759,0.126245,I_Band3_4488-4759
M1,vacuum,15% spirulina / 85% NaCl,15,85,M1_vacuum,region_15,region,15.0,3.0,5.0,integral,Band4,4759-4956,4759,4956,0.0812494,I_Band4_4759-4956
M1,vacuum,15% spirulina / 85% NaCl,15,85,M1_vacuum,region_15,region,15.0,3.0,5.0,integral,Band5,4956-5414,4956,5414,-0.0777628,I_Band5_4956-5414
M1,vacuum,15% spirulina / 85% NaCl,15,85,M1_vacuum,region_15,region,15.0,3.0,5.0,integral,Band6,5414-6065,5414,6065,0.196578,I_Band6_5414-6065
M1,vacuum,15% spirulina / 85% NaCl,15,85,M1_vacuum,region_15,region,15.0,3.0,5.0,integral,Band7,6065-7568,6065,7568,0.315616,I_Band7_6065-7568
M1,vacuum,15% spirulina / 85% NaCl,15,85,M1_vacuum,region_15,region,15.0,3.0,5.0,integral,Band8,7568-8980,7568,8980,0.119403,I_Band8_7568-8980
M1,vacuum,15% spirulina / 85% NaCl,15,85,M1_vacuum,region_15,region,15.0,3.0,5.0,peak_depth,Band1,4010-4192,4010,4192,1.92333e-05,P_Band1_4010-4192
M1,vacuum,15% spirulina / 85% NaCl,15,85,M1_vacuum,region_15,region,15.0,3.0,5.0,peak_depth,Band2,4192-4488,4192,4488,0.00146425,P_Band2_4192-4488
M1,vacuum,15% spirulina / 85% NaCl,15,85,M1_vacuum,region_15,region,15.0,3.0,5.0,peak_depth,Band3,4488-4759,4488,4759,0.000999169,P_Band3_4488-4759
M1,vacuum,15% spirulina / 85% NaCl,15,85,M1_vacuum,region_15,region,15.0,3.0,5.0,peak_depth,Band4,4759-4956,4759,4956,0.000829387,P_Band4_4759-4956
M1,vacuum,15% spirulina / 85% NaCl,15,85,M1_vacuum,region_15,region,15.0,3.0,5.0,peak_depth,Band5,4956-5414,4956,5414,0.0,P_Band5_4956-5414
M1,vacuum,15% spirulina / 85% NaCl,15,85,M1_vacuum,region_15,region,15.0,3.0,5.0,peak_depth,Band6,5414-6065,5414,6065,0.000718423,P_Band6_5414-6065
M1,vacuum,15% spirulina / 85% NaCl,15,85,M1_vacuum,region_15,region,15.0,3.0,5.0,peak_depth,Band7,6065-7568,6065,7568,0.000566787,P_Band7_6065-7568
M1,vacuum,15% spirulina / 85% NaCl,15,85,M1_vacuum,region_15,region,15.0,3.0,5.0,peak_depth,Band8,7568-8980,7568,8980,0.000246157,P_Band8_7568-8980
M1,vacuum,15% spirulina / 85% NaCl,15,85,M1_vacuum,region_16,region,16.0,4.0,1.0,integral,Band1,4010-4192,4010,4192,-0.0857659,I_Band1_4010-4192
M1,vacuum,15% spirulina / 85% NaCl,15,85,M1_vacuum,region_16,region,16.0,4.0,1.0,integral,Band2,4192-4488,4192,4488,0.190906,I_Band2_4192-4488
M1,vacuum,15% spirulina / 85% NaCl,15,85,M1_vacuum,region_16,region,16.0,4.0,1.0,integral,Band3,4488-4759,4488,4759,0.0944329,I_Band3_4488-4759
M1,vacuum,15% spirulina / 85% NaCl,15,85,M1_vacuum,region_16,region,16.0,4.0,1.0,integral,Band4,4759-4956,4759,4956,0.08876,I_Band4_4759-4956
M1,vacuum,15% spirulina / 85% NaCl,15,85,M1_vacuum,region_16,region,16.0,4.0,1.0,integral,Band5,4956-5414,4956,5414,-0.0723965,I_Band5_4956-5414
M1,vacuum,15% spirulina / 85% NaCl,15,85,M1_vacuum,region_16,region,16.0,4.0,1.0,integral,Band6,5414-6065,5414,6065,0.190114,I_Band6_5414-6065
M1,vacuum,15% spirulina / 85% NaCl,15,85,M1_vacuum,region_16,region,16.0,4.0,1.0,integral,Band7,6065-7568,6065,7568,0.428653,I_Band7_6065-7568
M1,vacuum,15% spirulina / 85% NaCl,15,85,M1_vacuum,region_16,region,16.0,4.0,1.0,integral,Band8,7568-8980,7568,8980,0.0669306,I_Band8_7568-8980
M1,vacuum,15% spirulina / 85% NaCl,15,85,M1_vacuum,region_16,region,16.0,4.0,1.0,peak_depth,Band1,4010-4192,4010,4192,3.266e-06,P_Band1_4010-4192
M1,vacuum,15% spirulina / 85% NaCl,15,85,M1_vacuum,region_16,region,16.0,4.0,1.0,peak_depth,Band2,4192-4488,4192,4488,0.00153363,P_Band2_4192-4488
M1,vacuum,15% spirulina / 85% NaCl,15,85,M1_vacuum,region_16,region,16.0,4.0,1.0,peak_depth,Band3,4488-4759,4488,4759,0.00114979,P_Band3_4488-4759
M1,vacuum,15% spirulina / 85% NaCl,15,85,M1_vacuum,region_16,region,16.0,4.0,1.0,peak_depth,Band4,4759-4956,4759,4956,0.000729992,P_Band4_4759-4956
M1,vacuum,15% spirulina / 85% NaCl,15,85,M1_vacuum,region_16,region,16.0,4.0,1.0,peak_depth,Band5,4956-5414,4956,5414,8.57149e-05,P_Band5_4956-5414
M1,vacuum,15% spirulina / 85% NaCl,15,85,M1_vacuum,region_16,region,16.0,4.0,1.0,peak_depth,Band6,5414-6065,5414,6065,0.000738537,P_Band6_5414-6065
M1,vacuum,15% spirulina / 85% NaCl,15,85,M1_vacuum,region_16,region,16.0,4.0,1.0,peak_depth,Band7,6065-7568,6065,7568,0.000689777,P_Band7_6065-7568
M1,vacuum,15% spirulina / 85% NaCl,15,85,M1_vacuum,region_16,region,16.0,4.0,1.0,peak_depth,Band8,7568-8980,7568,8980,0.000174045,P_Band8_7568-8980
M1,vacuum,15% spirulina / 85% NaCl,15,85,M1_vacuum,region_17,region,17.0,4.0,2.0,integral,Band1,4010-4192,4010,4192,-0.104451,I_Band1_4010-4192
M1,vacuum,15% spirulina / 85% NaCl,15,85,M1_vacuum,region_17,region,17.0,4.0,2.0,integral,Band2,4192-4488,4192,4488,0.216015,I_Band2_4192-4488
M1,vacuum,15% spirulina / 85% NaCl,15,85,M1_vacuum,region_17,region,17.0,4.0,2.0,integral,Band3,4488-4759,4488,4759,0.156821,I_Band3_4488-4759
M1,vacuum,15% spirulina / 85% NaCl,15,85,M1_vacuum,region_17,region,17.0,4.0,2.0,integral,Band4,4759-4956,4759,4956,0.0770612,I_Band4_4759-4956
M1,vacuum,15% spirulina / 85% NaCl,15,85,M1_vacuum,region_17,region,17.0,4.0,2.0,integral,Band5,4956-5414,4956,5414,-0.1385,I_Band5_4956-5414
M1,vacuum,15% spirulina / 85% NaCl,15,85,M1_vacuum,region_17,region,17.0,4.0,2.0,integral,Band6,5414-6065,5414,6065,0.179936,I_Band6_5414-6065
M1,vacuum,15% spirulina / 85% NaCl,15,85,M1_vacuum,region_17,region,17.0,4.0,2.0,integral,Band7,6065-7568,6065,7568,0.244993,I_Band7_6065-7568
M1,vacuum,15% spirulina / 85% NaCl,15,85,M1_vacuum,region_17,region,17.0,4.0,2.0,integral,Band8,7568-8980,7568,8980,0.0393481,I_Band8_7568-8980
M1,vacuum,15% spirulina / 85% NaCl,15,85,M1_vacuum,region_17,region,17.0,4.0,2.0,peak_depth,Band1,4010-4192,4010,4192,0.0,P_Band1_4010-4192
M1,vacuum,15% spirulina / 85% NaCl,15,85,M1_vacuum,region_17,region,17.0,4.0,2.0,peak_depth,Band2,4192-4488,4192,4488,0.00161505,P_Band2_4192-4488
M1,vacuum,15% spirulina / 85% NaCl,15,85,M1_vacuum,region_17,region,17.0,4.0,2.0,peak_depth,Band3,4488-4759,4488,4759,0.00117971,P_Band3_4488-4759
M1,vacuum,15% spirulina / 85% NaCl,15,85,M1_vacuum,region_17,region,17.0,4.0,2.0,peak_depth,Band4,4759-4956,4759,4956,0.000664476,P_Band4_4759-4956
M1,vacuum,15% spirulina / 85% NaCl,15,85,M1_vacuum,region_17,region,17.0,4.0,2.0,peak_depth,Band5,4956-5414,4956,5414,0.0,P_Band5_4956-5414
M1,vacuum,15% spirulina / 85% NaCl,15,85,M1_vacuum,region_17,region,17.0,4.0,2.0,peak_depth,Band6,5414-6065,5414,6065,0.000674455,P_Band6_5414-6065
M1,vacuum,15% spirulina / 85% NaCl,15,85,M1_vacuum,region_17,region,17.0,4.0,2.0,peak_depth,Band7,6065-7568,6065,7568,0.000492856,P_Band7_6065-7568
M1,vacuum,15% spirulina / 85% NaCl,15,85,M1_vacuum,region_17,region,17.0,4.0,2.0,peak_depth,Band8,7568-8980,7568,8980,0.000211628,P_Band8_7568-8980
M1,vacuum,15% spirulina / 85% NaCl,15,85,M1_vacuum,region_18,region,18.0,4.0,3.0,integral,Band1,4010-4192,4010,4192,-0.0451673,I_Band1_4010-4192
M1,vacuum,15% spirulina / 85% NaCl,15,85,M1_vacuum,region_18,region,18.0,4.0,3.0,integral,Band2,4192-4488,4192,4488,0.214448,I_Band2_4192-4488
M1,vacuum,15% spirulina / 85% NaCl,15,85,M1_vacuum,region_18,region,18.0,4.0,3.0,integral,Band3,4488-4759,4488,4759,0.112244,I_Band3_4488-4759
M1,vacuum,15% spirulina / 85% NaCl,15,85,M1_vacuum,region_18,region,18.0,4.0,3.0,integral,Band4,4759-4956,4759,4956,0.0724946,I_Band4_4759-4956
M1,vacuum,15% spirulina / 85% NaCl,15,85,M1_vacuum,region_18,region,18.0,4.0,3.0,integral,Band5,4956-5414,4956,5414,-0.0725373,I_Band5_4956-5414
M1,vacuum,15% spirulina / 85% NaCl,15,85,M1_vacuum,region_18,region,18.0,4.0,3.0,integral,Band6,5414-6065,5414,6065,0.190434,I_Band6_5414-6065
M1,vacuum,15% spirulina / 85% NaCl,15,85,M1_vacuum,region_18,region,18.0,4.0,3.0,integral,Band7,6065-7568,6065,7568,0.396553,I_Band7_6065-7568
M1,vacuum,15% spirulina / 85% NaCl,15,85,M1_vacuum,region_18,region,18.0,4.0,3.0,integral,Band8,7568-8980,7568,8980,0.0499545,I_Band8_7568-8980
M1,vacuum,15% spirulina / 85% NaCl,15,85,M1_vacuum,region_18,region,18.0,4.0,3.0,peak_depth,Band1,4010-4192,4010,4192,4.34889e-05,P_Band1_4010-4192
M1,vacuum,15% spirulina / 85% NaCl,15,85,M1_vacuum,region_18,region,18.0,4.0,3.0,peak_depth,Band2,4192-4488,4192,4488,0.00137314,P_Band2_4192-4488
M1,vacuum,15% spirulina / 85% NaCl,15,85,M1_vacuum,region_18,region,18.0,4.0,3.0,peak_depth,Band3,4488-4759,4488,4759,0.000899129,P_Band3_4488-4759
M1,vacuum,15% spirulina / 85% NaCl,15,85,M1_vacuum,region_18,region,18.0,4.0,3.0,peak_depth,Band4,4759-4956,4759,4956,0.000745185,P_Band4_4759-4956
M1,vacuum,15% spirulina / 85% NaCl,15,85,M1_vacuum,region_18,region,18.0,4.0,3.0,peak_depth,Band5,4956-5414,4956,5414,0.0,P_Band5_4956-5414
M1,vacuum,15% spirulina / 85% NaCl,15,85,M1_vacuum,region_18,region,18.0,4.0,3.0,peak_depth,Band6,5414-6065,5414,6065,0.000683204,P_Band6_5414-6065
M1,vacuum,15% spirulina / 85% NaCl,15,85,M1_vacuum,region_18,region,18.0,4.0,3.0,peak_depth,Band7,6065-7568,6065,7568,0.00062967,P_Band7_6065-7568
M1,vacuum,15% spirulina / 85% NaCl,15,85,M1_vacuum,region_18,region,18.0,4.0,3.0,peak_depth,Band8,7568-8980,7568,8980,0.00013129,P_Band8_7568-8980
M1,vacuum,15% spirulina / 85% NaCl,15,85,M1_vacuum,region_19,region,19.0,4.0,4.0,integral,Band1,4010-4192,4010,4192,-0.0755846,I_Band1_4010-4192
M1,vacuum,15% spirulina / 85% NaCl,15,85,M1_vacuum,region_19,region,19.0,4.0,4.0,integral,Band2,4192-4488,4192,4488,0.263333,I_Band2_4192-4488
M1,vacuum,15% spirulina / 85% NaCl,15,85,M1_vacuum,region_19,region,19.0,4.0,4.0,integral,Band3,4488-4759,4488,4759,0.142948,I_Band3_4488-4759
M1,vacuum,15% spirulina / 85% NaCl,15,85,M1_vacuum,region_19,region,19.0,4.0,4.0,integral,Band4,4759-4956,4759,4956,0.089087,I_Band4_4759-4956
M1,vacuum,15% spirulina / 85% NaCl,15,85,M1_vacuum,region_19,region,19.0,4.0,4.0,integral,Band5,4956-5414,4956,5414,-0.0792035,I_Band5_4956-5414
M1,vacuum,15% spirulina / 85% NaCl,15,85,M1_vacuum,region_19,region,19.0,4.0,4.0,integral,Band6,5414-6065,5414,6065,0.182123,I_Band6_5414-6065
M1,vacuum,15% spirulina / 85% NaCl,15,85,M1_vacuum,region_19,region,19.0,4.0,4.0,integral,Band7,6065-7568,6065,7568,0.440304,I_Band7_6065-7568
M1,vacuum,15% spirulina / 85% NaCl,15,85,M1_vacuum,region_19,region,19.0,4.0,4.0,integral,Band8,7568-8980,7568,8980,0.108066,I_Band8_7568-8980
M1,vacuum,15% spirulina / 85% NaCl,15,85,M1_vacuum,region_19,region,19.0,4.0,4.0,peak_depth,Band1,4010-4192,4010,4192,1.68145e-05,P_Band1_4010-4192
M1,vacuum,15% spirulina / 85% NaCl,15,85,M1_vacuum,region_19,region,19.0,4.0,4.0,peak_depth,Band2,4192-4488,4192,4488,0.00165398,P_Band2_4192-4488
M1,vacuum,15% spirulina / 85% NaCl,15,85,M1_vacuum,region_19,region,19.0,4.0,4.0,peak_depth,Band3,4488-4759,4488,4759,0.00112238,P_Band3_4488-4759
M1,vacuum,15% spirulina / 85% NaCl,15,85,M1_vacuum,region_19,region,19.0,4.0,4.0,peak_depth,Band4,4759-4956,4759,4956,0.000914307,P_Band4_4759-4956
M1,vacuum,15% spirulina / 85% NaCl,15,85,M1_vacuum,region_19,region,19.0,4.0,4.0,peak_depth,Band5,4956-5414,4956,5414,0.0,P_Band5_4956-5414
M1,vacuum,15% spirulina / 85% NaCl,15,85,M1_vacuum,region_19,region,19.0,4.0,4.0,peak_depth,Band6,5414-6065,5414,6065,0.000732352,P_Band6_5414-6065
M1,vacuum,15% spirulina / 85% NaCl,15,85,M1_vacuum,region_19,region,19.0,4.0,4.0,peak_depth,Band7,6065-7568,6065,7568,0.00073601,P_Band7_6065-7568
M1,vacuum,15% spirulina / 85% NaCl,15,85,M1_vacuum,region_19,region,19.0,4.0,4.0,peak_depth,Band8,7568-8980,7568,8980,0.00021915,P_Band8_7568-8980
M1,vacuum,15% spirulina / 85% NaCl,15,85,M1_vacuum,region_20,region,20.0,4.0,5.0,integral,Band1,4010-4192,4010,4192,-0.0987601,I_Band1_4010-4192
M1,vacuum,15% spirulina / 85% NaCl,15,85,M1_vacuum,region_20,region,20.0,4.0,5.0,integral,Band2,4192-4488,4192,4488,0.173878,I_Band2_4192-4488
M1,vacuum,15% spirulina / 85% NaCl,15,85,M1_vacuum,region_20,region,20.0,4.0,5.0,integral,Band3,4488-4759,4488,4759,0.102872,I_Band3_4488-4759
M1,vacuum,15% spirulina / 85% NaCl,15,85,M1_vacuum,region_20,region,20.0,4.0,5.0,integral,Band4,4759-4956,4759,4956,0.0551382,I_Band4_4759-4956
M1,vacuum,15% spirulina / 85% NaCl,15,85,M1_vacuum,region_20,region,20.0,4.0,5.0,integral,Band5,4956-5414,4956,5414,-0.0590014,I_Band5_4956-5414
M1,vacuum,15% spirulina / 85% NaCl,15,85,M1_vacuum,region_20,region,20.0,4.0,5.0,integral,Band6,5414-6065,5414,6065,0.184401,I_Band6_5414-6065
M1,vacuum,15% spirulina / 85% NaCl,15,85,M1_vacuum,region_20,region,20.0,4.0,5.0,integral,Band7,6065-7568,6065,7568,0.457891,I_Band7_6065-7568
M1,vacuum,15% spirulina / 85% NaCl,15,85,M1_vacuum,region_20,region,20.0,4.0,5.0,integral,Band8,7568-8980,7568,8980,0.0743553,I_Band8_7568-8980
M1,vacuum,15% spirulina / 85% NaCl,15,85,M1_vacuum,region_20,region,20.0,4.0,5.0,peak_depth,Band1,4010-4192,4010,4192,2.94937e-05,P_Band1_4010-4192
M1,vacuum,15% spirulina / 85% NaCl,15,85,M1_vacuum,region_20,region,20.0,4.0,5.0,peak_depth,Band2,4192-4488,4192,4488,0.0013719,P_Band2_4192-4488
M1,vacuum,15% spirulina / 85% NaCl,15,85,M1_vacuum,region_20,region,20.0,4.0,5.0,peak_depth,Band3,4488-4759,4488,4759,0.0008211,P_Band3_4488-4759
M1,vacuum,15% spirulina / 85% NaCl,15,85,M1_vacuum,region_20,region,20.0,4.0,5.0,peak_depth,Band4,4759-4956,4759,4956,0.000835293,P_Band4_4759-4956
M1,vacuum,15% spirulina / 85% NaCl,15,85,M1_vacuum,region_20,region,20.0,4.0,5.0,peak_depth,Band5,4956-5414,4956,5414,6.90783e-05,P_Band5_4956-5414
M1,vacuum,15% spirulina / 85% NaCl,15,85,M1_vacuum,region_20,region,20.0,4.0,5.0,peak_depth,Band6,5414-6065,5414,6065,0.000777303,P_Band6_5414-6065
M1,vacuum,15% spirulina / 85% NaCl,15,85,M1_vacuum,region_20,region,20.0,4.0,5.0,peak_depth,Band7,6065-7568,6065,7568,0.00072777,P_Band7_6065-7568
M1,vacuum,15% spirulina / 85% NaCl,15,85,M1_vacuum,region_20,region,20.0,4.0,5.0,peak_depth,Band8,7568-8980,7568,8980,0.000171179,P_Band8_7568-8980
M1,vacuum,15% spirulina / 85% NaCl,15,85,M1_vacuum,region_21,region,21.0,5.0,1.0,integral,Band1,4010-4192,4010,4192,-0.0567808,I_Band1_4010-4192
M1,vacuum,15% spirulina / 85% NaCl,15,85,M1_vacuum,region_21,region,21.0,5.0,1.0,integral,Band2,4192-4488,4192,4488,0.279951,I_Band2_4192-4488
M1,vacuum,15% spirulina / 85% NaCl,15,85,M1_vacuum,region_21,region,21.0,5.0,1.0,integral,Band3,4488-4759,4488,4759,0.149222,I_Band3_4488-4759
M1,vacuum,15% spirulina / 85% NaCl,15,85,M1_vacuum,region_21,region,21.0,5.0,1.0,integral,Band4,4759-4956,4759,4956,0.0977598,I_Band4_4759-4956
M1,vacuum,15% spirulina / 85% NaCl,15,85,M1_vacuum,region_21,region,21.0,5.0,1.0,integral,Band5,4956-5414,4956,5414,-0.0611176,I_Band5_4956-5414
M1,vacuum,15% spirulina / 85% NaCl,15,85,M1_vacuum,region_21,region,21.0,5.0,1.0,integral,Band6,5414-6065,5414,6065,0.229921,I_Band6_5414-6065
M1,vacuum,15% spirulina / 85% NaCl,15,85,M1_vacuum,region_21,region,21.0,5.0,1.0,integral,Band7,6065-7568,6065,7568,0.434853,I_Band7_6065-7568
M1,vacuum,15% spirulina / 85% NaCl,15,85,M1_vacuum,region_21,region,21.0,5.0,1.0,integral,Band8,7568-8980,7568,8980,0.0848721,I_Band8_7568-8980
M1,vacuum,15% spirulina / 85% NaCl,15,85,M1_vacuum,region_21,region,21.0,5.0,1.0,peak_depth,Band1,4010-4192,4010,4192,2.64833e-05,P_Band1_4010-4192
M1,vacuum,15% spirulina / 85% NaCl,15,85,M1_vacuum,region_21,region,21.0,5.0,1.0,peak_depth,Band2,4192-4488,4192,4488,0.00178467,P_Band2_4192-4488
M1,vacuum,15% spirulina / 85% NaCl,15,85,M1_vacuum,region_21,region,21.0,5.0,1.0,peak_depth,Band3,4488-4759,4488,4759,0.00117062,P_Band3_4488-4759
M1,vacuum,15% spirulina / 85% NaCl,15,85,M1_vacuum,region_21,region,21.0,5.0,1.0,peak_depth,Band4,4759-4956,4759,4956,0.00101013,P_Band4_4759-4956
M1,vacuum,15% spirulina / 85% NaCl,15,85,M1_vacuum,region_21,region,21.0,5.0,1.0,peak_depth,Band5,4956-5414,4956,5414,5.75232e-05,P_Band5_4956-5414
M1,vacuum,15% spirulina / 85% NaCl,15,85,M1_vacuum,region_21,region,21.0,5.0,1.0,peak_depth,Band6,5414-6065,5414,6065,0.000854692,P_Band6_5414-6065
M1,vacuum,15% spirulina / 85% NaCl,15,85,M1_vacuum,region_21,region,21.0,5.0,1.0,peak_depth,Band7,6065-7568,6065,7568,0.000735586,P_Band7_6065-7568
M1,vacuum,15% spirulina / 85% NaCl,15,85,M1_vacuum,region_21,region,21.0,5.0,1.0,peak_depth,Band8,7568-8980,7568,8980,0.000203193,P_Band8_7568-8980
M1,vacuum,15% spirulina / 85% NaCl,15,85,M1_vacuum,region_22,region,22.0,5.0,2.0,integral,Band1,4010-4192,4010,4192,-0.0636137,I_Band1_4010-4192
M1,vacuum,15% spirulina / 85% NaCl,15,85,M1_vacuum,region_22,region,22.0,5.0,2.0,integral,Band2,4192-4488,4192,4488,0.191427,I_Band2_4192-4488
M1,vacuum,15% spirulina / 85% NaCl,15,85,M1_vacuum,region_22,region,22.0,5.0,2.0,integral,Band3,4488-4759,4488,4759,0.0717216,I_Band3_4488-4759
M1,vacuum,15% spirulina / 85% NaCl,15,85,M1_vacuum,region_22,region,22.0,5.0,2.0,integral,Band4,4759-4956,4759,4956,0.0696321,I_Band4_4759-4956
M1,vacuum,15% spirulina / 85% NaCl,15,85,M1_vacuum,region_22,region,22.0,5.0,2.0,integral,Band5,4956-5414,4956,5414,-0.0623821,I_Band5_4956-5414
M1,vacuum,15% spirulina / 85% NaCl,15,85,M1_vacuum,region_22,region,22.0,5.0,2.0,integral,Band6,5414-6065,5414,6065,0.184703,I_Band6_5414-6065
M1,vacuum,15% spirulina / 85% NaCl,15,85,M1_vacuum,region_22,region,22.0,5.0,2.0,integral,Band7,6065-7568,6065,7568,0.425276,I_Band7_6065-7568
M1,vacuum,15% spirulina / 85% NaCl,15,85,M1_vacuum,region_22,region,22.0,5.0,2.0,integral,Band8,7568-8980,7568,8980,0.171329,I_Band8_7568-8980
M1,vacuum,15% spirulina / 85% NaCl,15,85,M1_vacuum,region_22,region,22.0,5.0,2.0,peak_depth,Band1,4010-4192,4010,4192,4.73951e-05,P_Band1_4010-4192
M1,vacuum,15% spirulina / 85% NaCl,15,85,M1_vacuum,region_22,region,22.0,5.0,2.0,peak_depth,Band2,4192-4488,4192,4488,0.0012432,P_Band2_4192-4488
M1,vacuum,15% spirulina / 85% NaCl,15,85,M1_vacuum,region_22,region,22.0,5.0,2.0,peak_depth,Band3,4488-4759,4488,4759,0.000648004,P_Band3_4488-4759
M1,vacuum,15% spirulina / 85% NaCl,15,85,M1_vacuum,region_22,region,22.0,5.0,2.0,peak_depth,Band4,4759-4956,4759,4956,0.000681845,P_Band4_4759-4956
M1,vacuum,15% spirulina / 85% NaCl,15,85,M1_vacuum,region_22,region,22.0,5.0,2.0,peak_depth,Band5,4956-5414,4956,5414,0.0,P_Band5_4956-5414
M1,vacuum,15% spirulina / 85% NaCl,15,85,M1_vacuum,region_22,region,22.0,5.0,2.0,peak_depth,Band6,5414-6065,5414,6065,0.000589589,P_Band6_5414-6065
M1,vacuum,15% spirulina / 85% NaCl,15,85,M1_vacuum,region_22,region,22.0,5.0,2.0,peak_depth,Band7,6065-7568,6065,7568,0.000571138,P_Band7_6065-7568
M1,vacuum,15% spirulina / 85% NaCl,15,85,M1_vacuum,region_22,region,22.0,5.0,2.0,peak_depth,Band8,7568-8980,7568,8980,0.000269406,P_Band8_7568-8980
M1,vacuum,15% spirulina / 85% NaCl,15,85,M1_vacuum,region_23,region,23.0,5.0,3.0,integral,Band1,4010-4192,4010,4192,-0.0680402,I_Band1_4010-4192
M1,vacuum,15% spirulina / 85% NaCl,15,85,M1_vacuum,region_23,region,23.0,5.0,3.0,integral,Band2,4192-4488,4192,4488,0.238788,I_Band2_4192-4488
M1,vacuum,15% spirulina / 85% NaCl,15,85,M1_vacuum,region_23,region,23.0,5.0,3.0,integral,Band3,4488-4759,4488,4759,0.119962,I_Band3_4488-4759
M1,vacuum,15% spirulina / 85% NaCl,15,85,M1_vacuum,region_23,region,23.0,5.0,3.0,integral,Band4,4759-4956,4759,4956,0.0839481,I_Band4_4759-4956
M1,vacuum,15% spirulina / 85% NaCl,15,85,M1_vacuum,region_23,region,23.0,5.0,3.0,integral,Band5,4956-5414,4956,5414,-0.0834044,I_Band5_4956-5414
M1,vacuum,15% spirulina / 85% NaCl,15,85,M1_vacuum,region_23,region,23.0,5.0,3.0,integral,Band6,5414-6065,5414,6065,0.188678,I_Band6_5414-6065
M1,vacuum,15% spirulina / 85% NaCl,15,85,M1_vacuum,region_23,region,23.0,5.0,3.0,integral,Band7,6065-7568,6065,7568,0.402942,I_Band7_6065-7568
M1,vacuum,15% spirulina / 85% NaCl,15,85,M1_vacuum,region_23,region,23.0,5.0,3.0,integral,Band8,7568-8980,7568,8980,0.0384131,I_Band8_7568-8980
M1,vacuum,15% spirulina / 85% NaCl,15,85,M1_vacuum,region_23,region,23.0,5.0,3.0,peak_depth,Band1,4010-4192,4010,4192,2.2209e-05,P_Band1_4010-4192
M1,vacuum,15% spirulina / 85% NaCl,15,85,M1_vacuum,region_23,region,23.0,5.0,3.0,peak_depth,Band2,4192-4488,4192,4488,0.00154863,P_Band2_4192-4488
M1,vacuum,15% spirulina / 85% NaCl,15,85,M1_vacuum,region_23,region,23.0,5.0,3.0,peak_depth,Band3,4488-4759,4488,4759,0.00102123,P_Band3_4488-4759
M1,vacuum,15% spirulina / 85% NaCl,15,85,M1_vacuum,region_23,region,23.0,5.0,3.0,peak_depth,Band4,4759-4956,4759,4956,0.000858737,P_Band4_4759-4956
M1,vacuum,15% spirulina / 85% NaCl,15,85,M1_vacuum,region_23,region,23.0,5.0,3.0,peak_depth,Band5,4956-5414,4956,5414,0.0,P_Band5_4956-5414
M1,vacuum,15% spirulina / 85% NaCl,15,85,M1_vacuum,region_23,region,23.0,5.0,3.0,peak_depth,Band6,5414-6065,5414,6065,0.000733525,P_Band6_5414-6065
M1,vacuum,15% spirulina / 85% NaCl,15,85,M1_vacuum,region_23,region,23.0,5.0,3.0,peak_depth,Band7,6065-7568,6065,7568,0.000665297,P_Band7_6065-7568
M1,vacuum,15% spirulina / 85% NaCl,15,85,M1_vacuum,region_23,region,23.0,5.0,3.0,peak_depth,Band8,7568-8980,7568,8980,0.000181349,P_Band8_7568-8980
M1,vacuum,15% spirulina / 85% NaCl,15,85,M1_vacuum,region_24,region,24.0,5.0,4.0,integral,Band1,4010-4192,4010,4192,-0.0711936,I_Band1_4010-4192
M1,vacuum,15% spirulina / 85% NaCl,15,85,M1_vacuum,region_24,region,24.0,5.0,4.0,integral,Band2,4192-4488,4192,4488,0.267817,I_Band2_4192-4488
M1,vacuum,15% spirulina / 85% NaCl,15,85,M1_vacuum,region_24,region,24.0,5.0,4.0,integral,Band3,4488-4759,4488,4759,0.143681,I_Band3_4488-4759
M1,vacuum,15% spirulina / 85% NaCl,15,85,M1_vacuum,region_24,region,24.0,5.0,4.0,integral,Band4,4759-4956,4759,4956,0.0904373,I_Band4_4759-4956
M1,vacuum,15% spirulina / 85% NaCl,15,85,M1_vacuum,region_24,region,24.0,5.0,4.0,integral,Band5,4956-5414,4956,5414,-0.111718,I_Band5_4956-5414
M1,vacuum,15% spirulina / 85% NaCl,15,85,M1_vacuum,region_24,region,24.0,5.0,4.0,integral,Band6,5414-6065,5414,6065,0.210972,I_Band6_5414-6065
M1,vacuum,15% spirulina / 85% NaCl,15,85,M1_vacuum,region_24,region,24.0,5.0,4.0,integral,Band7,6065-7568,6065,7568,0.435432,I_Band7_6065-7568
M1,vacuum,15% spirulina / 85% NaCl,15,85,M1_vacuum,region_24,region,24.0,5.0,4.0,integral,Band8,7568-8980,7568,8980,0.0655738,I_Band8_7568-8980
M1,vacuum,15% spirulina / 85% NaCl,15,85,M1_vacuum,region_24,region,24.0,5.0,4.0,peak_depth,Band1,4010-4192,4010,4192,4.08054e-05,P_Band1_4010-4192
M1,vacuum,15% spirulina / 85% NaCl,15,85,M1_vacuum,region_24,region,24.0,5.0,4.0,peak_depth,Band2,4192-4488,4192,4488,0.00168842,P_Band2_4192-4488
M1,vacuum,15% spirulina / 85% NaCl,15,85,M1_vacuum,region_24,region,24.0,5.0,4.0,peak_depth,Band3,4488-4759,4488,4759,0.00114211,P_Band3_4488-4759
M1,vacuum,15% spirulina / 85% NaCl,15,85,M1_vacuum,region_24,region,24.0,5.0,4.0,peak_depth,Band4,4759-4956,4759,4956,0.000953004,P_Band4_4759-4956
M1,vacuum,15% spirulina / 85% NaCl,15,85,M1_vacuum,region_24,region,24.0,5.0,4.0,peak_depth,Band5,4956-5414,4956,5414,0.0,P_Band5_4956-5414
M1,vacuum,15% spirulina / 85% NaCl,15,85,M1_vacuum,region_24,region,24.0,5.0,4.0,peak_depth,Band6,5414-6065,5414,6065,0.000806691,P_Band6_5414-6065
M1,vacuum,15% spirulina / 85% NaCl,15,85,M1_vacuum,region_24,region,24.0,5.0,4.0,peak_depth,Band7,6065-7568,6065,7568,0.000684061,P_Band7_6065-7568
M1,vacuum,15% spirulina / 85% NaCl,15,85,M1_vacuum,region_24,region,24.0,5.0,4.0,peak_depth,Band8,7568-8980,7568,8980,0.000202262,P_Band8_7568-8980
M1,vacuum,15% spirulina / 85% NaCl,15,85,M1_vacuum,region_25,region,25.0,5.0,5.0,integral,Band1,4010-4192,4010,4192,-0.0579564,I_Band1_4010-4192
M1,vacuum,15% spirulina / 85% NaCl,15,85,M1_vacuum,region_25,region,25.0,5.0,5.0,integral,Band2,4192-4488,4192,4488,0.246375,I_Band2_4192-4488
M1,vacuum,15% spirulina / 85% NaCl,15,85,M1_vacuum,region_25,region,25.0,5.0,5.0,integral,Band3,4488-4759,4488,4759,0.139038,I_Band3_4488-4759
M1,vacuum,15% spirulina / 85% NaCl,15,85,M1_vacuum,region_25,region,25.0,5.0,5.0,integral,Band4,4759-4956,4759,4956,0.0776033,I_Band4_4759-4956
M1,vacuum,15% spirulina / 85% NaCl,15,85,M1_vacuum,region_25,region,25.0,5.0,5.0,integral,Band5,4956-5414,4956,5414,-0.0929122,I_Band5_4956-5414
M1,vacuum,15% spirulina / 85% NaCl,15,85,M1_vacuum,region_25,region,25.0,5.0,5.0,integral,Band6,5414-6065,5414,6065,0.185409,I_Band6_5414-6065
M1,vacuum,15% spirulina / 85% NaCl,15,85,M1_vacuum,region_25,region,25.0,5.0,5.0,integral,Band7,6065-7568,6065,7568,0.43521,I_Band7_6065-7568
M1,vacuum,15% spirulina / 85% NaCl,15,85,M1_vacuum,region_25,region,25.0,5.0,5.0,integral,Band8,7568-8980,7568,8980,0.133502,I_Band8_7568-8980
M1,vacuum,15% spirulina / 85% NaCl,15,85,M1_vacuum,region_25,region,25.0,5.0,5.0,peak_depth,Band1,4010-4192,4010,4192,8.04372e-05,P_Band1_4010-4192
M1,vacuum,15% spirulina / 85% NaCl,15,85,M1_vacuum,region_25,region,25.0,5.0,5.0,peak_depth,Band2,4192-4488,4192,4488,0.00163219,P_Band2_4192-4488
M1,vacuum,15% spirulina / 85% NaCl,15,85,M1_vacuum,region_25,region,25.0,5.0,5.0,peak_depth,Band3,4488-4759,4488,4759,0.00110085,P_Band3_4488-4759
M1,vacuum,15% spirulina / 85% NaCl,15,85,M1_vacuum,region_25,region,25.0,5.0,5.0,peak_depth,Band4,4759-4956,4759,4956,0.000843771,P_Band4_4759-4956
M1,vacuum,15% spirulina / 85% NaCl,15,85,M1_vacuum,region_25,region,25.0,5.0,5.0,peak_depth,Band5,4956-5414,4956,5414,0.0,P_Band5_4956-5414
M1,vacuum,15% spirulina / 85% NaCl,15,85,M1_vacuum,region_25,region,25.0,5.0,5.0,peak_depth,Band6,5414-6065,5414,6065,0.000712759,P_Band6_5414-6065
M1,vacuum,15% spirulina / 85% NaCl,15,85,M1_vacuum,region_25,region,25.0,5.0,5.0,peak_depth,Band7,6065-7568,6065,7568,0.000631398,P_Band7_6065-7568
M1,vacuum,15% spirulina / 85% NaCl,15,85,M1_vacuum,region_25,region,25.0,5.0,5.0,peak_depth,Band8,7568-8980,7568,8980,0.000273978,P_Band8_7568-8980
M2,ambient,85% spirulina / 15% NaCl,85,15,M2_ambient,average,average,,,,integral,Band1,4010-4192,4010,4192,0.0688885,I_Band1_4010-4192
M2,ambient,85% spirulina / 15% NaCl,85,15,M2_ambient,average,average,,,,integral,Band2,4192-4488,4192,4488,0.714325,I_Band2_4192-4488
M2,ambient,85% spirulina / 15% NaCl,85,15,M2_ambient,average,average,,,,integral,Band3,4488-4759,4488,4759,0.42291,I_Band3_4488-4759
M2,ambient,85% spirulina / 15% NaCl,85,15,M2_ambient,average,average,,,,integral,Band4,4759-4956,4759,4956,0.235871,I_Band4_4759-4956
M2,ambient,85% spirulina / 15% NaCl,85,15,M2_ambient,average,average,,,,integral,Band5,4956-5414,4956,5414,1.89001,I_Band5_4956-5414
M2,ambient,85% spirulina / 15% NaCl,85,15,M2_ambient,average,average,,,,integral,Band6,5414-6065,5414,6065,1.20933,I_Band6_5414-6065
M2,ambient,85% spirulina / 15% NaCl,85,15,M2_ambient,average,average,,,,integral,Band7,6065-7568,6065,7568,3.83958,I_Band7_6065-7568
M2,ambient,85% spirulina / 15% NaCl,85,15,M2_ambient,average,average,,,,integral,Band8,7568-8980,7568,8980,0.476175,I_Band8_7568-8980
M2,ambient,85% spirulina / 15% NaCl,85,15,M2_ambient,average,average,,,,peak_depth,Band1,4010-4192,4010,4192,0.00133066,P_Band1_4010-4192
M2,ambient,85% spirulina / 15% NaCl,85,15,M2_ambient,average,average,,,,peak_depth,Band2,4192-4488,4192,4488,0.00460718,P_Band2_4192-4488
M2,ambient,85% spirulina / 15% NaCl,85,15,M2_ambient,average,average,,,,peak_depth,Band3,4488-4759,4488,4759,0.00345487,P_Band3_4488-4759
M2,ambient,85% spirulina / 15% NaCl,85,15,M2_ambient,average,average,,,,peak_depth,Band4,4759-4956,4759,4956,0.00268432,P_Band4_4759-4956
M2,ambient,85% spirulina / 15% NaCl,85,15,M2_ambient,average,average,,,,peak_depth,Band5,4956-5414,4956,5414,0.0101556,P_Band5_4956-5414
M2,ambient,85% spirulina / 15% NaCl,85,15,M2_ambient,average,average,,,,peak_depth,Band6,5414-6065,5414,6065,0.00391134,P_Band6_5414-6065
M2,ambient,85% spirulina / 15% NaCl,85,15,M2_ambient,average,average,,,,peak_depth,Band7,6065-7568,6065,7568,0.00525346,P_Band7_6065-7568
M2,ambient,85% spirulina / 15% NaCl,85,15,M2_ambient,average,average,,,,peak_depth,Band8,7568-8980,7568,8980,0.00112794,P_Band8_7568-8980
M2,ambient,85% spirulina / 15% NaCl,85,15,M2_ambient,region_01,region,1.0,1.0,1.0,integral,Band1,4010-4192,4010,4192,0.0584656,I_Band1_4010-4192
M2,ambient,85% spirulina / 15% NaCl,85,15,M2_ambient,region_01,region,1.0,1.0,1.0,integral,Band2,4192-4488,4192,4488,0.589597,I_Band2_4192-4488
M2,ambient,85% spirulina / 15% NaCl,85,15,M2_ambient,region_01,region,1.0,1.0,1.0,integral,Band3,4488-4759,4488,4759,0.332088,I_Band3_4488-4759
M2,ambient,85% spirulina / 15% NaCl,85,15,M2_ambient,region_01,region,1.0,1.0,1.0,integral,Band4,4759-4956,4759,4956,0.188981,I_Band4_4759-4956
M2,ambient,85% spirulina / 15% NaCl,85,15,M2_ambient,region_01,region,1.0,1.0,1.0,integral,Band5,4956-5414,4956,5414,1.43783,I_Band5_4956-5414
M2,ambient,85% spirulina / 15% NaCl,85,15,M2_ambient,region_01,region,1.0,1.0,1.0,integral,Band6,5414-6065,5414,6065,0.87843,I_Band6_5414-6065
M2,ambient,85% spirulina / 15% NaCl,85,15,M2_ambient,region_01,region,1.0,1.0,1.0,integral,Band7,6065-7568,6065,7568,2.76125,I_Band7_6065-7568
M2,ambient,85% spirulina / 15% NaCl,85,15,M2_ambient,region_01,region,1.0,1.0,1.0,integral,Band8,7568-8980,7568,8980,0.368536,I_Band8_7568-8980
M2,ambient,85% spirulina / 15% NaCl,85,15,M2_ambient,region_01,region,1.0,1.0,1.0,peak_depth,Band1,4010-4192,4010,4192,0.00112093,P_Band1_4010-4192
M2,ambient,85% spirulina / 15% NaCl,85,15,M2_ambient,region_01,region,1.0,1.0,1.0,peak_depth,Band2,4192-4488,4192,4488,0.00384817,P_Band2_4192-4488
M2,ambient,85% spirulina / 15% NaCl,85,15,M2_ambient,region_01,region,1.0,1.0,1.0,peak_depth,Band3,4488-4759,4488,4759,0.00273389,P_Band3_4488-4759
M2,ambient,85% spirulina / 15% NaCl,85,15,M2_ambient,region_01,region,1.0,1.0,1.0,peak_depth,Band4,4759-4956,4759,4956,0.00212815,P_Band4_4759-4956
M2,ambient,85% spirulina / 15% NaCl,85,15,M2_ambient,region_01,region,1.0,1.0,1.0,peak_depth,Band5,4956-5414,4956,5414,0.00777922,P_Band5_4956-5414
M2,ambient,85% spirulina / 15% NaCl,85,15,M2_ambient,region_01,region,1.0,1.0,1.0,peak_depth,Band6,5414-6065,5414,6065,0.00286858,P_Band6_5414-6065
M2,ambient,85% spirulina / 15% NaCl,85,15,M2_ambient,region_01,region,1.0,1.0,1.0,peak_depth,Band7,6065-7568,6065,7568,0.00381492,P_Band7_6065-7568
M2,ambient,85% spirulina / 15% NaCl,85,15,M2_ambient,region_01,region,1.0,1.0,1.0,peak_depth,Band8,7568-8980,7568,8980,0.000790815,P_Band8_7568-8980
M2,ambient,85% spirulina / 15% NaCl,85,15,M2_ambient,region_02,region,2.0,1.0,2.0,integral,Band1,4010-4192,4010,4192,0.0537266,I_Band1_4010-4192
M2,ambient,85% spirulina / 15% NaCl,85,15,M2_ambient,region_02,region,2.0,1.0,2.0,integral,Band2,4192-4488,4192,4488,0.638457,I_Band2_4192-4488
M2,ambient,85% spirulina / 15% NaCl,85,15,M2_ambient,region_02,region,2.0,1.0,2.0,integral,Band3,4488-4759,4488,4759,0.375814,I_Band3_4488-4759
M2,ambient,85% spirulina / 15% NaCl,85,15,M2_ambient,region_02,region,2.0,1.0,2.0,integral,Band4,4759-4956,4759,4956,0.210376,I_Band4_4759-4956
M2,ambient,85% spirulina / 15% NaCl,85,15,M2_ambient,region_02,region,2.0,1.0,2.0,integral,Band5,4956-5414,4956,5414,1.6581,I_Band5_4956-5414
M2,ambient,85% spirulina / 15% NaCl,85,15,M2_ambient,region_02,region,2.0,1.0,2.0,integral,Band6,5414-6065,5414,6065,0.993336,I_Band6_5414-6065
M2,ambient,85% spirulina / 15% NaCl,85,15,M2_ambient,region_02,region,2.0,1.0,2.0,integral,Band7,6065-7568,6065,7568,3.19088,I_Band7_6065-7568
M2,ambient,85% spirulina / 15% NaCl,85,15,M2_ambient,region_02,region,2.0,1.0,2.0,integral,Band8,7568-8980,7568,8980,0.403861,I_Band8_7568-8980
M2,ambient,85% spirulina / 15% NaCl,85,15,M2_ambient,region_02,region,2.0,1.0,2.0,peak_depth,Band1,4010-4192,4010,4192,0.00111563,P_Band1_4010-4192
M2,ambient,85% spirulina / 15% NaCl,85,15,M2_ambient,region_02,region,2.0,1.0,2.0,peak_depth,Band2,4192-4488,4192,4488,0.00410529,P_Band2_4192-4488
M2,ambient,85% spirulina / 15% NaCl,85,15,M2_ambient,region_02,region,2.0,1.0,2.0,peak_depth,Band3,4488-4759,4488,4759,0.00307103,P_Band3_4488-4759
M2,ambient,85% spirulina / 15% NaCl,85,15,M2_ambient,region_02,region,2.0,1.0,2.0,peak_depth,Band4,4759-4956,4759,4956,0.00239452,P_Band4_4759-4956
M2,ambient,85% spirulina / 15% NaCl,85,15,M2_ambient,region_02,region,2.0,1.0,2.0,peak_depth,Band5,4956-5414,4956,5414,0.00894157,P_Band5_4956-5414
M2,ambient,85% spirulina / 15% NaCl,85,15,M2_ambient,region_02,region,2.0,1.0,2.0,peak_depth,Band6,5414-6065,5414,6065,0.00322441,P_Band6_5414-6065
M2,ambient,85% spirulina / 15% NaCl,85,15,M2_ambient,region_02,region,2.0,1.0,2.0,peak_depth,Band7,6065-7568,6065,7568,0.0044098,P_Band7_6065-7568
M2,ambient,85% spirulina / 15% NaCl,85,15,M2_ambient,region_02,region,2.0,1.0,2.0,peak_depth,Band8,7568-8980,7568,8980,0.000906501,P_Band8_7568-8980
M2,ambient,85% spirulina / 15% NaCl,85,15,M2_ambient,region_03,region,3.0,1.0,3.0,integral,Band1,4010-4192,4010,4192,0.0558432,I_Band1_4010-4192
M2,ambient,85% spirulina / 15% NaCl,85,15,M2_ambient,region_03,region,3.0,1.0,3.0,integral,Band2,4192-4488,4192,4488,0.726516,I_Band2_4192-4488
M2,ambient,85% spirulina / 15% NaCl,85,15,M2_ambient,region_03,region,3.0,1.0,3.0,integral,Band3,4488-4759,4488,4759,0.425348,I_Band3_4488-4759
M2,ambient,85% spirulina / 15% NaCl,85,15,M2_ambient,region_03,region,3.0,1.0,3.0,integral,Band4,4759-4956,4759,4956,0.236317,I_Band4_4759-4956
M2,ambient,85% spirulina / 15% NaCl,85,15,M2_ambient,region_03,region,3.0,1.0,3.0,integral,Band5,4956-5414,4956,5414,1.94188,I_Band5_4956-5414
M2,ambient,85% spirulina / 15% NaCl,85,15,M2_ambient,region_03,region,3.0,1.0,3.0,integral,Band6,5414-6065,5414,6065,1.213,I_Band6_5414-6065
M2,ambient,85% spirulina / 15% NaCl,85,15,M2_ambient,region_03,region,3.0,1.0,3.0,integral,Band7,6065-7568,6065,7568,3.87507,I_Band7_6065-7568
M2,ambient,85% spirulina / 15% NaCl,85,15,M2_ambient,region_03,region,3.0,1.0,3.0,integral,Band8,7568-8980,7568,8980,0.479589,I_Band8_7568-8980
M2,ambient,85% spirulina / 15% NaCl,85,15,M2_ambient,region_03,region,3.0,1.0,3.0,peak_depth,Band1,4010-4192,4010,4192,0.00123154,P_Band1_4010-4192
M2,ambient,85% spirulina / 15% NaCl,85,15,M2_ambient,region_03,region,3.0,1.0,3.0,peak_depth,Band2,4192-4488,4192,4488,0.00467191,P_Band2_4192-4488
M2,ambient,85% spirulina / 15% NaCl,85,15,M2_ambient,region_03,region,3.0,1.0,3.0,peak_depth,Band3,4488-4759,4488,4759,0.00350479,P_Band3_4488-4759
M2,ambient,85% spirulina / 15% NaCl,85,15,M2_ambient,region_03,region,3.0,1.0,3.0,peak_depth,Band4,4759-4956,4759,4956,0.0027155,P_Band4_4759-4956
M2,ambient,85% spirulina / 15% NaCl,85,15,M2_ambient,region_03,region,3.0,1.0,3.0,peak_depth,Band5,4956-5414,4956,5414,0.0103844,P_Band5_4956-5414
M2,ambient,85% spirulina / 15% NaCl,85,15,M2_ambient,region_03,region,3.0,1.0,3.0,peak_depth,Band6,5414-6065,5414,6065,0.00389136,P_Band6_5414-6065
M2,ambient,85% spirulina / 15% NaCl,85,15,M2_ambient,region_03,region,3.0,1.0,3.0,peak_depth,Band7,6065-7568,6065,7568,0.00528483,P_Band7_6065-7568
M2,ambient,85% spirulina / 15% NaCl,85,15,M2_ambient,region_03,region,3.0,1.0,3.0,peak_depth,Band8,7568-8980,7568,8980,0.00115729,P_Band8_7568-8980
M2,ambient,85% spirulina / 15% NaCl,85,15,M2_ambient,region_04,region,4.0,1.0,4.0,integral,Band1,4010-4192,4010,4192,0.0559961,I_Band1_4010-4192
M2,ambient,85% spirulina / 15% NaCl,85,15,M2_ambient,region_04,region,4.0,1.0,4.0,integral,Band2,4192-4488,4192,4488,0.730013,I_Band2_4192-4488
M2,ambient,85% spirulina / 15% NaCl,85,15,M2_ambient,region_04,region,4.0,1.0,4.0,integral,Band3,4488-4759,4488,4759,0.424543,I_Band3_4488-4759
M2,ambient,85% spirulina / 15% NaCl,85,15,M2_ambient,region_04,region,4.0,1.0,4.0,integral,Band4,4759-4956,4759,4956,0.242599,I_Band4_4759-4956
M2,ambient,85% spirulina / 15% NaCl,85,15,M2_ambient,region_04,region,4.0,1.0,4.0,integral,Band5,4956-5414,4956,5414,1.917,I_Band5_4956-5414
M2,ambient,85% spirulina / 15% NaCl,85,15,M2_ambient,region_04,region,4.0,1.0,4.0,integral,Band6,5414-6065,5414,6065,1.22579,I_Band6_5414-6065
M2,ambient,85% spirulina / 15% NaCl,85,15,M2_ambient,region_04,region,4.0,1.0,4.0,integral,Band7,6065-7568,6065,7568,3.91468,I_Band7_6065-7568
M2,ambient,85% spirulina / 15% NaCl,85,15,M2_ambient,region_04,region,4.0,1.0,4.0,integral,Band8,7568-8980,7568,8980,0.492653,I_Band8_7568-8980
M2,ambient,85% spirulina / 15% NaCl,85,15,M2_ambient,region_04,region,4.0,1.0,4.0,peak_depth,Band1,4010-4192,4010,4192,0.00128713,P_Band1_4010-4192
M2,ambient,85% spirulina / 15% NaCl,85,15,M2_ambient,region_04,region,4.0,1.0,4.0,peak_depth,Band2,4192-4488,4192,4488,0.00467616,P_Band2_4192-4488
M2,ambient,85% spirulina / 15% NaCl,85,15,M2_ambient,region_04,region,4.0,1.0,4.0,peak_depth,Band3,4488-4759,4488,4759,0.00342281,P_Band3_4488-4759
M2,ambient,85% spirulina / 15% NaCl,85,15,M2_ambient,region_04,region,4.0,1.0,4.0,peak_depth,Band4,4759-4956,4759,4956,0.00276012,P_Band4_4759-4956
M2,ambient,85% spirulina / 15% NaCl,85,15,M2_ambient,region_04,region,4.0,1.0,4.0,peak_depth,Band5,4956-5414,4956,5414,0.0103659,P_Band5_4956-5414
M2,ambient,85% spirulina / 15% NaCl,85,15,M2_ambient,region_04,region,4.0,1.0,4.0,peak_depth,Band6,5414-6065,5414,6065,0.00400894,P_Band6_5414-6065
M2,ambient,85% spirulina / 15% NaCl,85,15,M2_ambient,region_04,region,4.0,1.0,4.0,peak_depth,Band7,6065-7568,6065,7568,0.00537306,P_Band7_6065-7568
M2,ambient,85% spirulina / 15% NaCl,85,15,M2_ambient,region_04,region,4.0,1.0,4.0,peak_depth,Band8,7568-8980,7568,8980,0.00114351,P_Band8_7568-8980
M2,ambient,85% spirulina / 15% NaCl,85,15,M2_ambient,region_05,region,5.0,1.0,5.0,integral,Band1,4010-4192,4010,4192,0.0704411,I_Band1_4010-4192
M2,ambient,85% spirulina / 15% NaCl,85,15,M2_ambient,region_05,region,5.0,1.0,5.0,integral,Band2,4192-4488,4192,4488,0.659905,I_Band2_4192-4488
M2,ambient,85% spirulina / 15% NaCl,85,15,M2_ambient,region_05,region,5.0,1.0,5.0,integral,Band3,4488-4759,4488,4759,0.390718,I_Band3_4488-4759
M2,ambient,85% spirulina / 15% NaCl,85,15,M2_ambient,region_05,region,5.0,1.0,5.0,integral,Band4,4759-4956,4759,4956,0.211306,I_Band4_4759-4956
M2,ambient,85% spirulina / 15% NaCl,85,15,M2_ambient,region_05,region,5.0,1.0,5.0,integral,Band5,4956-5414,4956,5414,1.7407,I_Band5_4956-5414
M2,ambient,85% spirulina / 15% NaCl,85,15,M2_ambient,region_05,region,5.0,1.0,5.0,integral,Band6,5414-6065,5414,6065,1.1007,I_Band6_5414-6065
M2,ambient,85% spirulina / 15% NaCl,85,15,M2_ambient,region_05,region,5.0,1.0,5.0,integral,Band7,6065-7568,6065,7568,3.56601,I_Band7_6065-7568
M2,ambient,85% spirulina / 15% NaCl,85,15,M2_ambient,region_05,region,5.0,1.0,5.0,integral,Band8,7568-8980,7568,8980,0.44252,I_Band8_7568-8980
M2,ambient,85% spirulina / 15% NaCl,85,15,M2_ambient,region_05,region,5.0,1.0,5.0,peak_depth,Band1,4010-4192,4010,4192,0.00133044,P_Band1_4010-4192
M2,ambient,85% spirulina / 15% NaCl,85,15,M2_ambient,region_05,region,5.0,1.0,5.0,peak_depth,Band2,4192-4488,4192,4488,0.00427084,P_Band2_4192-4488
M2,ambient,85% spirulina / 15% NaCl,85,15,M2_ambient,region_05,region,5.0,1.0,5.0,peak_depth,Band3,4488-4759,4488,4759,0.00321467,P_Band3_4488-4759
M2,ambient,85% spirulina / 15% NaCl,85,15,M2_ambient,region_05,region,5.0,1.0,5.0,peak_depth,Band4,4759-4956,4759,4956,0.00241007,P_Band4_4759-4956
M2,ambient,85% spirulina / 15% NaCl,85,15,M2_ambient,region_05,region,5.0,1.0,5.0,peak_depth,Band5,4956-5414,4956,5414,0.00930933,P_Band5_4956-5414
M2,ambient,85% spirulina / 15% NaCl,85,15,M2_ambient,region_05,region,5.0,1.0,5.0,peak_depth,Band6,5414-6065,5414,6065,0.00357802,P_Band6_5414-6065
M2,ambient,85% spirulina / 15% NaCl,85,15,M2_ambient,region_05,region,5.0,1.0,5.0,peak_depth,Band7,6065-7568,6065,7568,0.00484804,P_Band7_6065-7568
M2,ambient,85% spirulina / 15% NaCl,85,15,M2_ambient,region_05,region,5.0,1.0,5.0,peak_depth,Band8,7568-8980,7568,8980,0.00105625,P_Band8_7568-8980
M2,ambient,85% spirulina / 15% NaCl,85,15,M2_ambient,region_06,region,6.0,2.0,1.0,integral,Band1,4010-4192,4010,4192,0.040677,I_Band1_4010-4192
M2,ambient,85% spirulina / 15% NaCl,85,15,M2_ambient,region_06,region,6.0,2.0,1.0,integral,Band2,4192-4488,4192,4488,0.670744,I_Band2_4192-4488
M2,ambient,85% spirulina / 15% NaCl,85,15,M2_ambient,region_06,region,6.0,2.0,1.0,integral,Band3,4488-4759,4488,4759,0.397623,I_Band3_4488-4759
M2,ambient,85% spirulina / 15% NaCl,85,15,M2_ambient,region_06,region,6.0,2.0,1.0,integral,Band4,4759-4956,4759,4956,0.226945,I_Band4_4759-4956
M2,ambient,85% spirulina / 15% NaCl,85,15,M2_ambient,region_06,region,6.0,2.0,1.0,integral,Band5,4956-5414,4956,5414,1.84106,I_Band5_4956-5414
M2,ambient,85% spirulina / 15% NaCl,85,15,M2_ambient,region_06,region,6.0,2.0,1.0,integral,Band6,5414-6065,5414,6065,1.21911,I_Band6_5414-6065
M2,ambient,85% spirulina / 15% NaCl,85,15,M2_ambient,region_06,region,6.0,2.0,1.0,integral,Band7,6065-7568,6065,7568,3.73194,I_Band7_6065-7568
M2,ambient,85% spirulina / 15% NaCl,85,15,M2_ambient,region_06,region,6.0,2.0,1.0,integral,Band8,7568-8980,7568,8980,0.442497,I_Band8_7568-8980
M2,ambient,85% spirulina / 15% NaCl,85,15,M2_ambient,region_06,region,6.0,2.0,1.0,peak_depth,Band1,4010-4192,4010,4192,0.0010582,P_Band1_4010-4192
M2,ambient,85% spirulina / 15% NaCl,85,15,M2_ambient,region_06,region,6.0,2.0,1.0,peak_depth,Band2,4192-4488,4192,4488,0.00430355,P_Band2_4192-4488
M2,ambient,85% spirulina / 15% NaCl,85,15,M2_ambient,region_06,region,6.0,2.0,1.0,peak_depth,Band3,4488-4759,4488,4759,0.00327996,P_Band3_4488-4759
M2,ambient,85% spirulina / 15% NaCl,85,15,M2_ambient,region_06,region,6.0,2.0,1.0,peak_depth,Band4,4759-4956,4759,4956,0.00257199,P_Band4_4759-4956
M2,ambient,85% spirulina / 15% NaCl,85,15,M2_ambient,region_06,region,6.0,2.0,1.0,peak_depth,Band5,4956-5414,4956,5414,0.00987153,P_Band5_4956-5414
M2,ambient,85% spirulina / 15% NaCl,85,15,M2_ambient,region_06,region,6.0,2.0,1.0,peak_depth,Band6,5414-6065,5414,6065,0.00389032,P_Band6_5414-6065
M2,ambient,85% spirulina / 15% NaCl,85,15,M2_ambient,region_06,region,6.0,2.0,1.0,peak_depth,Band7,6065-7568,6065,7568,0.00513993,P_Band7_6065-7568
M2,ambient,85% spirulina / 15% NaCl,85,15,M2_ambient,region_06,region,6.0,2.0,1.0,peak_depth,Band8,7568-8980,7568,8980,0.00109278,P_Band8_7568-8980
M2,ambient,85% spirulina / 15% NaCl,85,15,M2_ambient,region_07,region,7.0,2.0,2.0,integral,Band1,4010-4192,4010,4192,0.0666664,I_Band1_4010-4192
M2,ambient,85% spirulina / 15% NaCl,85,15,M2_ambient,region_07,region,7.0,2.0,2.0,integral,Band2,4192-4488,4192,4488,0.674528,I_Band2_4192-4488
M2,ambient,85% spirulina / 15% NaCl,85,15,M2_ambient,region_07,region,7.0,2.0,2.0,integral,Band3,4488-4759,4488,4759,0.399192,I_Band3_4488-4759
M2,ambient,85% spirulina / 15% NaCl,85,15,M2_ambient,region_07,region,7.0,2.0,2.0,integral,Band4,4759-4956,4759,4956,0.221917,I_Band4_4759-4956
M2,ambient,85% spirulina / 15% NaCl,85,15,M2_ambient,region_07,region,7.0,2.0,2.0,integral,Band5,4956-5414,4956,5414,1.76897,I_Band5_4956-5414
M2,ambient,85% spirulina / 15% NaCl,85,15,M2_ambient,region_07,region,7.0,2.0,2.0,integral,Band6,5414-6065,5414,6065,1.1565,I_Band6_5414-6065
M2,ambient,85% spirulina / 15% NaCl,85,15,M2_ambient,region_07,region,7.0,2.0,2.0,integral,Band7,6065-7568,6065,7568,3.56807,I_Band7_6065-7568
M2,ambient,85% spirulina / 15% NaCl,85,15,M2_ambient,region_07,region,7.0,2.0,2.0,integral,Band8,7568-8980,7568,8980,0.426734,I_Band8_7568-8980
M2,ambient,85% spirulina / 15% NaCl,85,15,M2_ambient,region_07,region,7.0,2.0,2.0,peak_depth,Band1,4010-4192,4010,4192,0.00125932,P_Band1_4010-4192
M2,ambient,85% spirulina / 15% NaCl,85,15,M2_ambient,region_07,region,7.0,2.0,2.0,peak_depth,Band2,4192-4488,4192,4488,0.00436557,P_Band2_4192-4488
M2,ambient,85% spirulina / 15% NaCl,85,15,M2_ambient,region_07,region,7.0,2.0,2.0,peak_depth,Band3,4488-4759,4488,4759,0.00326357,P_Band3_4488-4759
M2,ambient,85% spirulina / 15% NaCl,85,15,M2_ambient,region_07,region,7.0,2.0,2.0,peak_depth,Band4,4759-4956,4759,4956,0.00252725,P_Band4_4759-4956
M2,ambient,85% spirulina / 15% NaCl,85,15,M2_ambient,region_07,region,7.0,2.0,2.0,peak_depth,Band5,4956-5414,4956,5414,0.00948078,P_Band5_4956-5414
M2,ambient,85% spirulina / 15% NaCl,85,15,M2_ambient,region_07,region,7.0,2.0,2.0,peak_depth,Band6,5414-6065,5414,6065,0.00373296,P_Band6_5414-6065
M2,ambient,85% spirulina / 15% NaCl,85,15,M2_ambient,region_07,region,7.0,2.0,2.0,peak_depth,Band7,6065-7568,6065,7568,0.00487217,P_Band7_6065-7568
M2,ambient,85% spirulina / 15% NaCl,85,15,M2_ambient,region_07,region,7.0,2.0,2.0,peak_depth,Band8,7568-8980,7568,8980,0.00105582,P_Band8_7568-8980
M2,ambient,85% spirulina / 15% NaCl,85,15,M2_ambient,region_08,region,8.0,2.0,3.0,integral,Band1,4010-4192,4010,4192,0.0673934,I_Band1_4010-4192
M2,ambient,85% spirulina / 15% NaCl,85,15,M2_ambient,region_08,region,8.0,2.0,3.0,integral,Band2,4192-4488,4192,4488,0.770917,I_Band2_4192-4488
M2,ambient,85% spirulina / 15% NaCl,85,15,M2_ambient,region_08,region,8.0,2.0,3.0,integral,Band3,4488-4759,4488,4759,0.461575,I_Band3_4488-4759
M2,ambient,85% spirulina / 15% NaCl,85,15,M2_ambient,region_08,region,8.0,2.0,3.0,integral,Band4,4759-4956,4759,4956,0.25319,I_Band4_4759-4956
M2,ambient,85% spirulina / 15% NaCl,85,15,M2_ambient,region_08,region,8.0,2.0,3.0,integral,Band5,4956-5414,4956,5414,2.06971,I_Band5_4956-5414
M2,ambient,85% spirulina / 15% NaCl,85,15,M2_ambient,region_08,region,8.0,2.0,3.0,integral,Band6,5414-6065,5414,6065,1.33671,I_Band6_5414-6065
M2,ambient,85% spirulina / 15% NaCl,85,15,M2_ambient,region_08,region,8.0,2.0,3.0,integral,Band7,6065-7568,6065,7568,4.17152,I_Band7_6065-7568
M2,ambient,85% spirulina / 15% NaCl,85,15,M2_ambient,region_08,region,8.0,2.0,3.0,integral,Band8,7568-8980,7568,8980,0.52959,I_Band8_7568-8980
M2,ambient,85% spirulina / 15% NaCl,85,15,M2_ambient,region_08,region,8.0,2.0,3.0,peak_depth,Band1,4010-4192,4010,4192,0.00133863,P_Band1_4010-4192
M2,ambient,85% spirulina / 15% NaCl,85,15,M2_ambient,region_08,region,8.0,2.0,3.0,peak_depth,Band2,4192-4488,4192,4488,0.00497866,P_Band2_4192-4488
M2,ambient,85% spirulina / 15% NaCl,85,15,M2_ambient,region_08,region,8.0,2.0,3.0,peak_depth,Band3,4488-4759,4488,4759,0.00374259,P_Band3_4488-4759
M2,ambient,85% spirulina / 15% NaCl,85,15,M2_ambient,region_08,region,8.0,2.0,3.0,peak_depth,Band4,4759-4956,4759,4956,0.00290169,P_Band4_4759-4956
M2,ambient,85% spirulina / 15% NaCl,85,15,M2_ambient,region_08,region,8.0,2.0,3.0,peak_depth,Band5,4956-5414,4956,5414,0.0110698,P_Band5_4956-5414
M2,ambient,85% spirulina / 15% NaCl,85,15,M2_ambient,region_08,region,8.0,2.0,3.0,peak_depth,Band6,5414-6065,5414,6065,0.00427993,P_Band6_5414-6065
M2,ambient,85% spirulina / 15% NaCl,85,15,M2_ambient,region_08,region,8.0,2.0,3.0,peak_depth,Band7,6065-7568,6065,7568,0.00573753,P_Band7_6065-7568
M2,ambient,85% spirulina / 15% NaCl,85,15,M2_ambient,region_08,region,8.0,2.0,3.0,peak_depth,Band8,7568-8980,7568,8980,0.00124557,P_Band8_7568-8980
M2,ambient,85% spirulina / 15% NaCl,85,15,M2_ambient,region_09,region,9.0,2.0,4.0,integral,Band1,4010-4192,4010,4192,0.0649947,I_Band1_4010-4192
M2,ambient,85% spirulina / 15% NaCl,85,15,M2_ambient,region_09,region,9.0,2.0,4.0,integral,Band2,4192-4488,4192,4488,0.810338,I_Band2_4192-4488
M2,ambient,85% spirulina / 15% NaCl,85,15,M2_ambient,region_09,region,9.0,2.0,4.0,integral,Band3,4488-4759,4488,4759,0.484762,I_Band3_4488-4759
M2,ambient,85% spirulina / 15% NaCl,85,15,M2_ambient,region_09,region,9.0,2.0,4.0,integral,Band4,4759-4956,4759,4956,0.269758,I_Band4_4759-4956
M2,ambient,85% spirulina / 15% NaCl,85,15,M2_ambient,region_09,region,9.0,2.0,4.0,integral,Band5,4956-5414,4956,5414,2.24722,I_Band5_4956-5414
M2,ambient,85% spirulina / 15% NaCl,85,15,M2_ambient,region_09,region,9.0,2.0,4.0,integral,Band6,5414-6065,5414,6065,1.45562,I_Band6_5414-6065
M2,ambient,85% spirulina / 15% NaCl,85,15,M2_ambient,region_09,region,9.0,2.0,4.0,integral,Band7,6065-7568,6065,7568,4.51182,I_Band7_6065-7568
M2,ambient,85% spirulina / 15% NaCl,85,15,M2_ambient,region_09,region,9.0,2.0,4.0,integral,Band8,7568-8980,7568,8980,0.565822,I_Band8_7568-8980
M2,ambient,85% spirulina / 15% NaCl,85,15,M2_ambient,region_09,region,9.0,2.0,4.0,peak_depth,Band1,4010-4192,4010,4192,0.00140837,P_Band1_4010-4192
M2,ambient,85% spirulina / 15% NaCl,85,15,M2_ambient,region_09,region,9.0,2.0,4.0,peak_depth,Band2,4192-4488,4192,4488,0.00522487,P_Band2_4192-4488
M2,ambient,85% spirulina / 15% NaCl,85,15,M2_ambient,region_09,region,9.0,2.0,4.0,peak_depth,Band3,4488-4759,4488,4759,0.00394211,P_Band3_4488-4759
M2,ambient,85% spirulina / 15% NaCl,85,15,M2_ambient,region_09,region,9.0,2.0,4.0,peak_depth,Band4,4759-4956,4759,4956,0.00306335,P_Band4_4759-4956
M2,ambient,85% spirulina / 15% NaCl,85,15,M2_ambient,region_09,region,9.0,2.0,4.0,peak_depth,Band5,4956-5414,4956,5414,0.0119761,P_Band5_4956-5414
M2,ambient,85% spirulina / 15% NaCl,85,15,M2_ambient,region_09,region,9.0,2.0,4.0,peak_depth,Band6,5414-6065,5414,6065,0.00468103,P_Band6_5414-6065
M2,ambient,85% spirulina / 15% NaCl,85,15,M2_ambient,region_09,region,9.0,2.0,4.0,peak_depth,Band7,6065-7568,6065,7568,0.00625594,P_Band7_6065-7568
M2,ambient,85% spirulina / 15% NaCl,85,15,M2_ambient,region_09,region,9.0,2.0,4.0,peak_depth,Band8,7568-8980,7568,8980,0.00137562,P_Band8_7568-8980
M2,ambient,85% spirulina / 15% NaCl,85,15,M2_ambient,region_10,region,10.0,2.0,5.0,integral,Band1,4010-4192,4010,4192,0.0614345,I_Band1_4010-4192
M2,ambient,85% spirulina / 15% NaCl,85,15,M2_ambient,region_10,region,10.0,2.0,5.0,integral,Band2,4192-4488,4192,4488,0.698288,I_Band2_4192-4488
M2,ambient,85% spirulina / 15% NaCl,85,15,M2_ambient,region_10,region,10.0,2.0,5.0,integral,Band3,4488-4759,4488,4759,0.414684,I_Band3_4488-4759
M2,ambient,85% spirulina / 15% NaCl,85,15,M2_ambient,region_10,region,10.0,2.0,5.0,integral,Band4,4759-4956,4759,4956,0.226949,I_Band4_4759-4956
M2,ambient,85% spirulina / 15% NaCl,85,15,M2_ambient,region_10,region,10.0,2.0,5.0,integral,Band5,4956-5414,4956,5414,1.88623,I_Band5_4956-5414
M2,ambient,85% spirulina / 15% NaCl,85,15,M2_ambient,region_10,region,10.0,2.0,5.0,integral,Band6,5414-6065,5414,6065,1.24871,I_Band6_5414-6065
M2,ambient,85% spirulina / 15% NaCl,85,15,M2_ambient,region_10,region,10.0,2.0,5.0,integral,Band7,6065-7568,6065,7568,3.94571,I_Band7_6065-7568
M2,ambient,85% spirulina / 15% NaCl,85,15,M2_ambient,region_10,region,10.0,2.0,5.0,integral,Band8,7568-8980,7568,8980,0.509217,I_Band8_7568-8980
M2,ambient,85% spirulina / 15% NaCl,85,15,M2_ambient,region_10,region,10.0,2.0,5.0,peak_depth,Band1,4010-4192,4010,4192,0.00122634,P_Band1_4010-4192
M2,ambient,85% spirulina / 15% NaCl,85,15,M2_ambient,region_10,region,10.0,2.0,5.0,peak_depth,Band2,4192-4488,4192,4488,0.00449151,P_Band2_4192-4488
M2,ambient,85% spirulina / 15% NaCl,85,15,M2_ambient,region_10,region,10.0,2.0,5.0,peak_depth,Band3,4488-4759,4488,4759,0.0034098,P_Band3_4488-4759
M2,ambient,85% spirulina / 15% NaCl,85,15,M2_ambient,region_10,region,10.0,2.0,5.0,peak_depth,Band4,4759-4956,4759,4956,0.00260014,P_Band4_4759-4956
M2,ambient,85% spirulina / 15% NaCl,85,15,M2_ambient,region_10,region,10.0,2.0,5.0,peak_depth,Band5,4956-5414,4956,5414,0.0101106,P_Band5_4956-5414
M2,ambient,85% spirulina / 15% NaCl,85,15,M2_ambient,region_10,region,10.0,2.0,5.0,peak_depth,Band6,5414-6065,5414,6065,0.00399578,P_Band6_5414-6065
M2,ambient,85% spirulina / 15% NaCl,85,15,M2_ambient,region_10,region,10.0,2.0,5.0,peak_depth,Band7,6065-7568,6065,7568,0.00535736,P_Band7_6065-7568
M2,ambient,85% spirulina / 15% NaCl,85,15,M2_ambient,region_10,region,10.0,2.0,5.0,peak_depth,Band8,7568-8980,7568,8980,0.00119098,P_Band8_7568-8980
M2,ambient,85% spirulina / 15% NaCl,85,15,M2_ambient,region_11,region,11.0,3.0,1.0,integral,Band1,4010-4192,4010,4192,0.0615769,I_Band1_4010-4192
M2,ambient,85% spirulina / 15% NaCl,85,15,M2_ambient,region_11,region,11.0,3.0,1.0,integral,Band2,4192-4488,4192,4488,0.668772,I_Band2_4192-4488
M2,ambient,85% spirulina / 15% NaCl,85,15,M2_ambient,region_11,region,11.0,3.0,1.0,integral,Band3,4488-4759,4488,4759,0.407737,I_Band3_4488-4759
M2,ambient,85% spirulina / 15% NaCl,85,15,M2_ambient,region_11,region,11.0,3.0,1.0,integral,Band4,4759-4956,4759,4956,0.226598,I_Band4_4759-4956
M2,ambient,85% spirulina / 15% NaCl,85,15,M2_ambient,region_11,region,11.0,3.0,1.0,integral,Band5,4956-5414,4956,5414,1.87774,I_Band5_4956-5414
M2,ambient,85% spirulina / 15% NaCl,85,15,M2_ambient,region_11,region,11.0,3.0,1.0,integral,Band6,5414-6065,5414,6065,1.27622,I_Band6_5414-6065
M2,ambient,85% spirulina / 15% NaCl,85,15,M2_ambient,region_11,region,11.0,3.0,1.0,integral,Band7,6065-7568,6065,7568,3.99208,I_Band7_6065-7568
M2,ambient,85% spirulina / 15% NaCl,85,15,M2_ambient,region_11,region,11.0,3.0,1.0,integral,Band8,7568-8980,7568,8980,0.520312,I_Band8_7568-8980
M2,ambient,85% spirulina / 15% NaCl,85,15,M2_ambient,region_11,region,11.0,3.0,1.0,peak_depth,Band1,4010-4192,4010,4192,0.00121837,P_Band1_4010-4192
M2,ambient,85% spirulina / 15% NaCl,85,15,M2_ambient,region_11,region,11.0,3.0,1.0,peak_depth,Band2,4192-4488,4192,4488,0.00427877,P_Band2_4192-4488
M2,ambient,85% spirulina / 15% NaCl,85,15,M2_ambient,region_11,region,11.0,3.0,1.0,peak_depth,Band3,4488-4759,4488,4759,0.00330768,P_Band3_4488-4759
M2,ambient,85% spirulina / 15% NaCl,85,15,M2_ambient,region_11,region,11.0,3.0,1.0,peak_depth,Band4,4759-4956,4759,4956,0.00258886,P_Band4_4759-4956
M2,ambient,85% spirulina / 15% NaCl,85,15,M2_ambient,region_11,region,11.0,3.0,1.0,peak_depth,Band5,4956-5414,4956,5414,0.0099973,P_Band5_4956-5414
M2,ambient,85% spirulina / 15% NaCl,85,15,M2_ambient,region_11,region,11.0,3.0,1.0,peak_depth,Band6,5414-6065,5414,6065,0.00411914,P_Band6_5414-6065
M2,ambient,85% spirulina / 15% NaCl,85,15,M2_ambient,region_11,region,11.0,3.0,1.0,peak_depth,Band7,6065-7568,6065,7568,0.00548029,P_Band7_6065-7568
M2,ambient,85% spirulina / 15% NaCl,85,15,M2_ambient,region_11,region,11.0,3.0,1.0,peak_depth,Band8,7568-8980,7568,8980,0.00122391,P_Band8_7568-8980
M2,ambient,85% spirulina / 15% NaCl,85,15,M2_ambient,region_12,region,12.0,3.0,2.0,integral,Band1,4010-4192,4010,4192,0.06479,I_Band1_4010-4192
M2,ambient,85% spirulina / 15% NaCl,85,15,M2_ambient,region_12,region,12.0,3.0,2.0,integral,Band2,4192-4488,4192,4488,0.756868,I_Band2_4192-4488
M2,ambient,85% spirulina / 15% NaCl,85,15,M2_ambient,region_12,region,12.0,3.0,2.0,integral,Band3,4488-4759,4488,4759,0.446666,I_Band3_4488-4759
M2,ambient,85% spirulina / 15% NaCl,85,15,M2_ambient,region_12,region,12.0,3.0,2.0,integral,Band4,4759-4956,4759,4956,0.254431,I_Band4_4759-4956
M2,ambient,85% spirulina / 15% NaCl,85,15,M2_ambient,region_12,region,12.0,3.0,2.0,integral,Band5,4956-5414,4956,5414,1.92365,I_Band5_4956-5414
M2,ambient,85% spirulina / 15% NaCl,85,15,M2_ambient,region_12,region,12.0,3.0,2.0,integral,Band6,5414-6065,5414,6065,1.25273,I_Band6_5414-6065
M2,ambient,85% spirulina / 15% NaCl,85,15,M2_ambient,region_12,region,12.0,3.0,2.0,integral,Band7,6065-7568,6065,7568,3.91967,I_Band7_6065-7568
M2,ambient,85% spirulina / 15% NaCl,85,15,M2_ambient,region_12,region,12.0,3.0,2.0,integral,Band8,7568-8980,7568,8980,0.471694,I_Band8_7568-8980
M2,ambient,85% spirulina / 15% NaCl,85,15,M2_ambient,region_12,region,12.0,3.0,2.0,peak_depth,Band1,4010-4192,4010,4192,0.00135224,P_Band1_4010-4192
M2,ambient,85% spirulina / 15% NaCl,85,15,M2_ambient,region_12,region,12.0,3.0,2.0,peak_depth,Band2,4192-4488,4192,4488,0.00485303,P_Band2_4192-4488
M2,ambient,85% spirulina / 15% NaCl,85,15,M2_ambient,region_12,region,12.0,3.0,2.0,peak_depth,Band3,4488-4759,4488,4759,0.0036418,P_Band3_4488-4759
M2,ambient,85% spirulina / 15% NaCl,85,15,M2_ambient,region_12,region,12.0,3.0,2.0,peak_depth,Band4,4759-4956,4759,4956,0.00286906,P_Band4_4759-4956
M2,ambient,85% spirulina / 15% NaCl,85,15,M2_ambient,region_12,region,12.0,3.0,2.0,peak_depth,Band5,4956-5414,4956,5414,0.0103625,P_Band5_4956-5414
M2,ambient,85% spirulina / 15% NaCl,85,15,M2_ambient,region_12,region,12.0,3.0,2.0,peak_depth,Band6,5414-6065,5414,6065,0.00398717,P_Band6_5414-6065
M2,ambient,85% spirulina / 15% NaCl,85,15,M2_ambient,region_12,region,12.0,3.0,2.0,peak_depth,Band7,6065-7568,6065,7568,0.00541525,P_Band7_6065-7568
M2,ambient,85% spirulina / 15% NaCl,85,15,M2_ambient,region_12,region,12.0,3.0,2.0,peak_depth,Band8,7568-8980,7568,8980,0.00112354,P_Band8_7568-8980
M2,ambient,85% spirulina / 15% NaCl,85,15,M2_ambient,region_13,region,13.0,3.0,3.0,integral,Band1,4010-4192,4010,4192,0.0750318,I_Band1_4010-4192
M2,ambient,85% spirulina / 15% NaCl,85,15,M2_ambient,region_13,region,13.0,3.0,3.0,integral,Band2,4192-4488,4192,4488,0.713299,I_Band2_4192-4488
M2,ambient,85% spirulina / 15% NaCl,85,15,M2_ambient,region_13,region,13.0,3.0,3.0,integral,Band3,4488-4759,4488,4759,0.409725,I_Band3_4488-4759
M2,ambient,85% spirulina / 15% NaCl,85,15,M2_ambient,region_13,region,13.0,3.0,3.0,integral,Band4,4759-4956,4759,4956,0.235932,I_Band4_4759-4956
M2,ambient,85% spirulina / 15% NaCl,85,15,M2_ambient,region_13,region,13.0,3.0,3.0,integral,Band5,4956-5414,4956,5414,1.85069,I_Band5_4956-5414
M2,ambient,85% spirulina / 15% NaCl,85,15,M2_ambient,region_13,region,13.0,3.0,3.0,integral,Band6,5414-6065,5414,6065,1.13743,I_Band6_5414-6065
M2,ambient,85% spirulina / 15% NaCl,85,15,M2_ambient,region_13,region,13.0,3.0,3.0,integral,Band7,6065-7568,6065,7568,3.62149,I_Band7_6065-7568
M2,ambient,85% spirulina / 15% NaCl,85,15,M2_ambient,region_13,region,13.0,3.0,3.0,integral,Band8,7568-8980,7568,8980,0.463537,I_Band8_7568-8980
M2,ambient,85% spirulina / 15% NaCl,85,15,M2_ambient,region_13,region,13.0,3.0,3.0,peak_depth,Band1,4010-4192,4010,4192,0.00139339,P_Band1_4010-4192
M2,ambient,85% spirulina / 15% NaCl,85,15,M2_ambient,region_13,region,13.0,3.0,3.0,peak_depth,Band2,4192-4488,4192,4488,0.00462285,P_Band2_4192-4488
M2,ambient,85% spirulina / 15% NaCl,85,15,M2_ambient,region_13,region,13.0,3.0,3.0,peak_depth,Band3,4488-4759,4488,4759,0.00336585,P_Band3_4488-4759
M2,ambient,85% spirulina / 15% NaCl,85,15,M2_ambient,region_13,region,13.0,3.0,3.0,peak_depth,Band4,4759-4956,4759,4956,0.00266081,P_Band4_4759-4956
M2,ambient,85% spirulina / 15% NaCl,85,15,M2_ambient,region_13,region,13.0,3.0,3.0,peak_depth,Band5,4956-5414,4956,5414,0.00997928,P_Band5_4956-5414
M2,ambient,85% spirulina / 15% NaCl,85,15,M2_ambient,region_13,region,13.0,3.0,3.0,peak_depth,Band6,5414-6065,5414,6065,0.00373225,P_Band6_5414-6065
M2,ambient,85% spirulina / 15% NaCl,85,15,M2_ambient,region_13,region,13.0,3.0,3.0,peak_depth,Band7,6065-7568,6065,7568,0.00505732,P_Band7_6065-7568
M2,ambient,85% spirulina / 15% NaCl,85,15,M2_ambient,region_13,region,13.0,3.0,3.0,peak_depth,Band8,7568-8980,7568,8980,0.00109816,P_Band8_7568-8980
M2,ambient,85% spirulina / 15% NaCl,85,15,M2_ambient,region_14,region,14.0,3.0,4.0,integral,Band1,4010-4192,4010,4192,0.087025,I_Band1_4010-4192
M2,ambient,85% spirulina / 15% NaCl,85,15,M2_ambient,region_14,region,14.0,3.0,4.0,integral,Band2,4192-4488,4192,4488,0.720617,I_Band2_4192-4488
M2,ambient,85% spirulina / 15% NaCl,85,15,M2_ambient,region_14,region,14.0,3.0,4.0,integral,Band3,4488-4759,4488,4759,0.426826,I_Band3_4488-4759
M2,ambient,85% spirulina / 15% NaCl,85,15,M2_ambient,region_14,region,14.0,3.0,4.0,integral,Band4,4759-4956,4759,4956,0.239113,I_Band4_4759-4956
M2,ambient,85% spirulina / 15% NaCl,85,15,M2_ambient,region_14,region,14.0,3.0,4.0,integral,Band5,4956-5414,4956,5414,1.95957,I_Band5_4956-5414
M2,ambient,85% spirulina / 15% NaCl,85,15,M2_ambient,region_14,region,14.0,3.0,4.0,integral,Band6,5414-6065,5414,6065,1.26027,I_Band6_5414-6065
M2,ambient,85% spirulina / 15% NaCl,85,15,M2_ambient,region_14,region,14.0,3.0,4.0,integral,Band7,6065-7568,6065,7568,3.99745,I_Band7_6065-7568
M2,ambient,85% spirulina / 15% NaCl,85,15,M2_ambient,region_14,region,14.0,3.0,4.0,integral,Band8,7568-8980,7568,8980,0.48864,I_Band8_7568-8980
M2,ambient,85% spirulina / 15% NaCl,85,15,M2_ambient,region_14,region,14.0,3.0,4.0,peak_depth,Band1,4010-4192,4010,4192,0.00148186,P_Band1_4010-4192
M2,ambient,85% spirulina / 15% NaCl,85,15,M2_ambient,region_14,region,14.0,3.0,4.0,peak_depth,Band2,4192-4488,4192,4488,0.00466645,P_Band2_4192-4488
M2,ambient,85% spirulina / 15% NaCl,85,15,M2_ambient,region_14,region,14.0,3.0,4.0,peak_depth,Band3,4488-4759,4488,4759,0.00348751,P_Band3_4488-4759
M2,ambient,85% spirulina / 15% NaCl,85,15,M2_ambient,region_14,region,14.0,3.0,4.0,peak_depth,Band4,4759-4956,4759,4956,0.00274162,P_Band4_4759-4956
M2,ambient,85% spirulina / 15% NaCl,85,15,M2_ambient,region_14,region,14.0,3.0,4.0,peak_depth,Band5,4956-5414,4956,5414,0.0105334,P_Band5_4956-5414
M2,ambient,85% spirulina / 15% NaCl,85,15,M2_ambient,region_14,region,14.0,3.0,4.0,peak_depth,Band6,5414-6065,5414,6065,0.00408093,P_Band6_5414-6065
M2,ambient,85% spirulina / 15% NaCl,85,15,M2_ambient,region_14,region,14.0,3.0,4.0,peak_depth,Band7,6065-7568,6065,7568,0.00545241,P_Band7_6065-7568
M2,ambient,85% spirulina / 15% NaCl,85,15,M2_ambient,region_14,region,14.0,3.0,4.0,peak_depth,Band8,7568-8980,7568,8980,0.00114185,P_Band8_7568-8980
M2,ambient,85% spirulina / 15% NaCl,85,15,M2_ambient,region_15,region,15.0,3.0,5.0,integral,Band1,4010-4192,4010,4192,0.0699154,I_Band1_4010-4192
M2,ambient,85% spirulina / 15% NaCl,85,15,M2_ambient,region_15,region,15.0,3.0,5.0,integral,Band2,4192-4488,4192,4488,0.71097,I_Band2_4192-4488
M2,ambient,85% spirulina / 15% NaCl,85,15,M2_ambient,region_15,region,15.0,3.0,5.0,integral,Band3,4488-4759,4488,4759,0.425614,I_Band3_4488-4759
M2,ambient,85% spirulina / 15% NaCl,85,15,M2_ambient,region_15,region,15.0,3.0,5.0,integral,Band4,4759-4956,4759,4956,0.231692,I_Band4_4759-4956
M2,ambient,85% spirulina / 15% NaCl,85,15,M2_ambient,region_15,region,15.0,3.0,5.0,integral,Band5,4956-5414,4956,5414,1.88054,I_Band5_4956-5414
M2,ambient,85% spirulina / 15% NaCl,85,15,M2_ambient,region_15,region,15.0,3.0,5.0,integral,Band6,5414-6065,5414,6065,1.20478,I_Band6_5414-6065
M2,ambient,85% spirulina / 15% NaCl,85,15,M2_ambient,region_15,region,15.0,3.0,5.0,integral,Band7,6065-7568,6065,7568,3.84427,I_Band7_6065-7568
M2,ambient,85% spirulina / 15% NaCl,85,15,M2_ambient,region_15,region,15.0,3.0,5.0,integral,Band8,7568-8980,7568,8980,0.444313,I_Band8_7568-8980
M2,ambient,85% spirulina / 15% NaCl,85,15,M2_ambient,region_15,region,15.0,3.0,5.0,peak_depth,Band1,4010-4192,4010,4192,0.00132993,P_Band1_4010-4192
M2,ambient,85% spirulina / 15% NaCl,85,15,M2_ambient,region_15,region,15.0,3.0,5.0,peak_depth,Band2,4192-4488,4192,4488,0.00461271,P_Band2_4192-4488
M2,ambient,85% spirulina / 15% NaCl,85,15,M2_ambient,region_15,region,15.0,3.0,5.0,peak_depth,Band3,4488-4759,4488,4759,0.00347383,P_Band3_4488-4759
M2,ambient,85% spirulina / 15% NaCl,85,15,M2_ambient,region_15,region,15.0,3.0,5.0,peak_depth,Band4,4759-4956,4759,4956,0.00263632,P_Band4_4759-4956
M2,ambient,85% spirulina / 15% NaCl,85,15,M2_ambient,region_15,region,15.0,3.0,5.0,peak_depth,Band5,4956-5414,4956,5414,0.0100897,P_Band5_4956-5414
M2,ambient,85% spirulina / 15% NaCl,85,15,M2_ambient,region_15,region,15.0,3.0,5.0,peak_depth,Band6,5414-6065,5414,6065,0.00388045,P_Band6_5414-6065
M2,ambient,85% spirulina / 15% NaCl,85,15,M2_ambient,region_15,region,15.0,3.0,5.0,peak_depth,Band7,6065-7568,6065,7568,0.0052217,P_Band7_6065-7568
M2,ambient,85% spirulina / 15% NaCl,85,15,M2_ambient,region_15,region,15.0,3.0,5.0,peak_depth,Band8,7568-8980,7568,8980,0.0011012,P_Band8_7568-8980
M2,ambient,85% spirulina / 15% NaCl,85,15,M2_ambient,region_16,region,16.0,4.0,1.0,integral,Band1,4010-4192,4010,4192,0.0894997,I_Band1_4010-4192
M2,ambient,85% spirulina / 15% NaCl,85,15,M2_ambient,region_16,region,16.0,4.0,1.0,integral,Band2,4192-4488,4192,4488,0.731005,I_Band2_4192-4488
M2,ambient,85% spirulina / 15% NaCl,85,15,M2_ambient,region_16,region,16.0,4.0,1.0,integral,Band3,4488-4759,4488,4759,0.429436,I_Band3_4488-4759
M2,ambient,85% spirulina / 15% NaCl,85,15,M2_ambient,region_16,region,16.0,4.0,1.0,integral,Band4,4759-4956,4759,4956,0.247409,I_Band4_4759-4956
M2,ambient,85% spirulina / 15% NaCl,85,15,M2_ambient,region_16,region,16.0,4.0,1.0,integral,Band5,4956-5414,4956,5414,1.92854,I_Band5_4956-5414
M2,ambient,85% spirulina / 15% NaCl,85,15,M2_ambient,region_16,region,16.0,4.0,1.0,integral,Band6,5414-6065,5414,6065,1.20257,I_Band6_5414-6065
M2,ambient,85% spirulina / 15% NaCl,85,15,M2_ambient,region_16,region,16.0,4.0,1.0,integral,Band7,6065-7568,6065,7568,3.94399,I_Band7_6065-7568
M2,ambient,85% spirulina / 15% NaCl,85,15,M2_ambient,region_16,region,16.0,4.0,1.0,integral,Band8,7568-8980,7568,8980,0.530639,I_Band8_7568-8980
M2,ambient,85% spirulina / 15% NaCl,85,15,M2_ambient,region_16,region,16.0,4.0,1.0,peak_depth,Band1,4010-4192,4010,4192,0.00150282,P_Band1_4010-4192
M2,ambient,85% spirulina / 15% NaCl,85,15,M2_ambient,region_16,region,16.0,4.0,1.0,peak_depth,Band2,4192-4488,4192,4488,0.00470169,P_Band2_4192-4488
M2,ambient,85% spirulina / 15% NaCl,85,15,M2_ambient,region_16,region,16.0,4.0,1.0,peak_depth,Band3,4488-4759,4488,4759,0.00352094,P_Band3_4488-4759
M2,ambient,85% spirulina / 15% NaCl,85,15,M2_ambient,region_16,region,16.0,4.0,1.0,peak_depth,Band4,4759-4956,4759,4956,0.00282833,P_Band4_4759-4956
M2,ambient,85% spirulina / 15% NaCl,85,15,M2_ambient,region_16,region,16.0,4.0,1.0,peak_depth,Band5,4956-5414,4956,5414,0.0103931,P_Band5_4956-5414
M2,ambient,85% spirulina / 15% NaCl,85,15,M2_ambient,region_16,region,16.0,4.0,1.0,peak_depth,Band6,5414-6065,5414,6065,0.00392336,P_Band6_5414-6065
M2,ambient,85% spirulina / 15% NaCl,85,15,M2_ambient,region_16,region,16.0,4.0,1.0,peak_depth,Band7,6065-7568,6065,7568,0.00532367,P_Band7_6065-7568
M2,ambient,85% spirulina / 15% NaCl,85,15,M2_ambient,region_16,region,16.0,4.0,1.0,peak_depth,Band8,7568-8980,7568,8980,0.00121013,P_Band8_7568-8980
M2,ambient,85% spirulina / 15% NaCl,85,15,M2_ambient,region_17,region,17.0,4.0,2.0,integral,Band1,4010-4192,4010,4192,0.0854115,I_Band1_4010-4192
M2,ambient,85% spirulina / 15% NaCl,85,15,M2_ambient,region_17,region,17.0,4.0,2.0,integral,Band2,4192-4488,4192,4488,0.724839,I_Band2_4192-4488
M2,ambient,85% spirulina / 15% NaCl,85,15,M2_ambient,region_17,region,17.0,4.0,2.0,integral,Band3,4488-4759,4488,4759,0.435949,I_Band3_4488-4759
M2,ambient,85% spirulina / 15% NaCl,85,15,M2_ambient,region_17,region,17.0,4.0,2.0,integral,Band4,4759-4956,4759,4956,0.241546,I_Band4_4759-4956
M2,ambient,85% spirulina / 15% NaCl,85,15,M2_ambient,region_17,region,17.0,4.0,2.0,integral,Band5,4956-5414,4956,5414,1.92107,I_Band5_4956-5414
M2,ambient,85% spirulina / 15% NaCl,85,15,M2_ambient,region_17,region,17.0,4.0,2.0,integral,Band6,5414-6065,5414,6065,1.20714,I_Band6_5414-6065
M2,ambient,85% spirulina / 15% NaCl,85,15,M2_ambient,region_17,region,17.0,4.0,2.0,integral,Band7,6065-7568,6065,7568,3.82541,I_Band7_6065-7568
M2,ambient,85% spirulina / 15% NaCl,85,15,M2_ambient,region_17,region,17.0,4.0,2.0,integral,Band8,7568-8980,7568,8980,0.453787,I_Band8_7568-8980
M2,ambient,85% spirulina / 15% NaCl,85,15,M2_ambient,region_17,region,17.0,4.0,2.0,peak_depth,Band1,4010-4192,4010,4192,0.00148581,P_Band1_4010-4192
M2,ambient,85% spirulina / 15% NaCl,85,15,M2_ambient,region_17,region,17.0,4.0,2.0,peak_depth,Band2,4192-4488,4192,4488,0.00467521,P_Band2_4192-4488
M2,ambient,85% spirulina / 15% NaCl,85,15,M2_ambient,region_17,region,17.0,4.0,2.0,peak_depth,Band3,4488-4759,4488,4759,0.00358322,P_Band3_4488-4759
M2,ambient,85% spirulina / 15% NaCl,85,15,M2_ambient,region_17,region,17.0,4.0,2.0,peak_depth,Band4,4759-4956,4759,4956,0.00273971,P_Band4_4759-4956
M2,ambient,85% spirulina / 15% NaCl,85,15,M2_ambient,region_17,region,17.0,4.0,2.0,peak_depth,Band5,4956-5414,4956,5414,0.0103209,P_Band5_4956-5414
M2,ambient,85% spirulina / 15% NaCl,85,15,M2_ambient,region_17,region,17.0,4.0,2.0,peak_depth,Band6,5414-6065,5414,6065,0.00391024,P_Band6_5414-6065
M2,ambient,85% spirulina / 15% NaCl,85,15,M2_ambient,region_17,region,17.0,4.0,2.0,peak_depth,Band7,6065-7568,6065,7568,0.00527538,P_Band7_6065-7568
M2,ambient,85% spirulina / 15% NaCl,85,15,M2_ambient,region_17,region,17.0,4.0,2.0,peak_depth,Band8,7568-8980,7568,8980,0.00110748,P_Band8_7568-8980
M2,ambient,85% spirulina / 15% NaCl,85,15,M2_ambient,region_18,region,18.0,4.0,3.0,integral,Band1,4010-4192,4010,4192,0.0724948,I_Band1_4010-4192
M2,ambient,85% spirulina / 15% NaCl,85,15,M2_ambient,region_18,region,18.0,4.0,3.0,integral,Band2,4192-4488,4192,4488,0.761353,I_Band2_4192-4488
M2,ambient,85% spirulina / 15% NaCl,85,15,M2_ambient,region_18,region,18.0,4.0,3.0,integral,Band3,4488-4759,4488,4759,0.442796,I_Band3_4488-4759
M2,ambient,85% spirulina / 15% NaCl,85,15,M2_ambient,region_18,region,18.0,4.0,3.0,integral,Band4,4759-4956,4759,4956,0.253705,I_Band4_4759-4956
M2,ambient,85% spirulina / 15% NaCl,85,15,M2_ambient,region_18,region,18.0,4.0,3.0,integral,Band5,4956-5414,4956,5414,1.98622,I_Band5_4956-5414
M2,ambient,85% spirulina / 15% NaCl,85,15,M2_ambient,region_18,region,18.0,4.0,3.0,integral,Band6,5414-6065,5414,6065,1.27128,I_Band6_5414-6065
M2,ambient,85% spirulina / 15% NaCl,85,15,M2_ambient,region_18,region,18.0,4.0,3.0,integral,Band7,6065-7568,6065,7568,4.00755,I_Band7_6065-7568
M2,ambient,85% spirulina / 15% NaCl,85,15,M2_ambient,region_18,region,18.0,4.0,3.0,integral,Band8,7568-8980,7568,8980,0.431469,I_Band8_7568-8980
M2,ambient,85% spirulina / 15% NaCl,85,15,M2_ambient,region_18,region,18.0,4.0,3.0,peak_depth,Band1,4010-4192,4010,4192,0.00141413,P_Band1_4010-4192
M2,ambient,85% spirulina / 15% NaCl,85,15,M2_ambient,region_18,region,18.0,4.0,3.0,peak_depth,Band2,4192-4488,4192,4488,0.00489398,P_Band2_4192-4488
M2,ambient,85% spirulina / 15% NaCl,85,15,M2_ambient,region_18,region,18.0,4.0,3.0,peak_depth,Band3,4488-4759,4488,4759,0.00363784,P_Band3_4488-4759
M2,ambient,85% spirulina / 15% NaCl,85,15,M2_ambient,region_18,region,18.0,4.0,3.0,peak_depth,Band4,4759-4956,4759,4956,0.0028762,P_Band4_4759-4956
M2,ambient,85% spirulina / 15% NaCl,85,15,M2_ambient,region_18,region,18.0,4.0,3.0,peak_depth,Band5,4956-5414,4956,5414,0.0106979,P_Band5_4956-5414
M2,ambient,85% spirulina / 15% NaCl,85,15,M2_ambient,region_18,region,18.0,4.0,3.0,peak_depth,Band6,5414-6065,5414,6065,0.00410624,P_Band6_5414-6065
M2,ambient,85% spirulina / 15% NaCl,85,15,M2_ambient,region_18,region,18.0,4.0,3.0,peak_depth,Band7,6065-7568,6065,7568,0.00543966,P_Band7_6065-7568
M2,ambient,85% spirulina / 15% NaCl,85,15,M2_ambient,region_18,region,18.0,4.0,3.0,peak_depth,Band8,7568-8980,7568,8980,0.00110549,P_Band8_7568-8980
M2,ambient,85% spirulina / 15% NaCl,85,15,M2_ambient,region_19,region,19.0,4.0,4.0,integral,Band1,4010-4192,4010,4192,0.079877,I_Band1_4010-4192
M2,ambient,85% spirulina / 15% NaCl,85,15,M2_ambient,region_19,region,19.0,4.0,4.0,integral,Band2,4192-4488,4192,4488,0.747304,I_Band2_4192-4488
M2,ambient,85% spirulina / 15% NaCl,85,15,M2_ambient,region_19,region,19.0,4.0,4.0,integral,Band3,4488-4759,4488,4759,0.446447,I_Band3_4488-4759
M2,ambient,85% spirulina / 15% NaCl,85,15,M2_ambient,region_19,region,19.0,4.0,4.0,integral,Band4,4759-4956,4759,4956,0.245535,I_Band4_4759-4956
M2,ambient,85% spirulina / 15% NaCl,85,15,M2_ambient,region_19,region,19.0,4.0,4.0,integral,Band5,4956-5414,4956,5414,2.01455,I_Band5_4956-5414
M2,ambient,85% spirulina / 15% NaCl,85,15,M2_ambient,region_19,region,19.0,4.0,4.0,integral,Band6,5414-6065,5414,6065,1.30869,I_Band6_5414-6065
M2,ambient,85% spirulina / 15% NaCl,85,15,M2_ambient,region_19,region,19.0,4.0,4.0,integral,Band7,6065-7568,6065,7568,4.16652,I_Band7_6065-7568
M2,ambient,85% spirulina / 15% NaCl,85,15,M2_ambient,region_19,region,19.0,4.0,4.0,integral,Band8,7568-8980,7568,8980,0.509793,I_Band8_7568-8980
M2,ambient,85% spirulina / 15% NaCl,85,15,M2_ambient,region_19,region,19.0,4.0,4.0,peak_depth,Band1,4010-4192,4010,4192,0.00145129,P_Band1_4010-4192
M2,ambient,85% spirulina / 15% NaCl,85,15,M2_ambient,region_19,region,19.0,4.0,4.0,peak_depth,Band2,4192-4488,4192,4488,0.0048288,P_Band2_4192-4488
M2,ambient,85% spirulina / 15% NaCl,85,15,M2_ambient,region_19,region,19.0,4.0,4.0,peak_depth,Band3,4488-4759,4488,4759,0.00363057,P_Band3_4488-4759
M2,ambient,85% spirulina / 15% NaCl,85,15,M2_ambient,region_19,region,19.0,4.0,4.0,peak_depth,Band4,4759-4956,4759,4956,0.0028065,P_Band4_4759-4956
M2,ambient,85% spirulina / 15% NaCl,85,15,M2_ambient,region_19,region,19.0,4.0,4.0,peak_depth,Band5,4956-5414,4956,5414,0.0108509,P_Band5_4956-5414
M2,ambient,85% spirulina / 15% NaCl,85,15,M2_ambient,region_19,region,19.0,4.0,4.0,peak_depth,Band6,5414-6065,5414,6065,0.00424239,P_Band6_5414-6065
M2,ambient,85% spirulina / 15% NaCl,85,15,M2_ambient,region_19,region,19.0,4.0,4.0,peak_depth,Band7,6065-7568,6065,7568,0.00566641,P_Band7_6065-7568
M2,ambient,85% spirulina / 15% NaCl,85,15,M2_ambient,region_19,region,19.0,4.0,4.0,peak_depth,Band8,7568-8980,7568,8980,0.00119988,P_Band8_7568-8980
M2,ambient,85% spirulina / 15% NaCl,85,15,M2_ambient,region_20,region,20.0,4.0,5.0,integral,Band1,4010-4192,4010,4192,0.0679219,I_Band1_4010-4192
M2,ambient,85% spirulina / 15% NaCl,85,15,M2_ambient,region_20,region,20.0,4.0,5.0,integral,Band2,4192-4488,4192,4488,0.739904,I_Band2_4192-4488
M2,ambient,85% spirulina / 15% NaCl,85,15,M2_ambient,region_20,region,20.0,4.0,5.0,integral,Band3,4488-4759,4488,4759,0.435656,I_Band3_4488-4759
M2,ambient,85% spirulina / 15% NaCl,85,15,M2_ambient,region_20,region,20.0,4.0,5.0,integral,Band4,4759-4956,4759,4956,0.241713,I_Band4_4759-4956
M2,ambient,85% spirulina / 15% NaCl,85,15,M2_ambient,region_20,region,20.0,4.0,5.0,integral,Band5,4956-5414,4956,5414,1.89728,I_Band5_4956-5414
M2,ambient,85% spirulina / 15% NaCl,85,15,M2_ambient,region_20,region,20.0,4.0,5.0,integral,Band6,5414-6065,5414,6065,1.19307,I_Band6_5414-6065
M2,ambient,85% spirulina / 15% NaCl,85,15,M2_ambient,region_20,region,20.0,4.0,5.0,integral,Band7,6065-7568,6065,7568,3.85321,I_Band7_6065-7568
M2,ambient,85% spirulina / 15% NaCl,85,15,M2_ambient,region_20,region,20.0,4.0,5.0,integral,Band8,7568-8980,7568,8980,0.4918,I_Band8_7568-8980
M2,ambient,85% spirulina / 15% NaCl,85,15,M2_ambient,region_20,region,20.0,4.0,5.0,peak_depth,Band1,4010-4192,4010,4192,0.00137631,P_Band1_4010-4192
M2,ambient,85% spirulina / 15% NaCl,85,15,M2_ambient,region_20,region,20.0,4.0,5.0,peak_depth,Band2,4192-4488,4192,4488,0.00480632,P_Band2_4192-4488
M2,ambient,85% spirulina / 15% NaCl,85,15,M2_ambient,region_20,region,20.0,4.0,5.0,peak_depth,Band3,4488-4759,4488,4759,0.00358655,P_Band3_4488-4759
M2,ambient,85% spirulina / 15% NaCl,85,15,M2_ambient,region_20,region,20.0,4.0,5.0,peak_depth,Band4,4759-4956,4759,4956,0.00274744,P_Band4_4759-4956
M2,ambient,85% spirulina / 15% NaCl,85,15,M2_ambient,region_20,region,20.0,4.0,5.0,peak_depth,Band5,4956-5414,4956,5414,0.0102607,P_Band5_4956-5414
M2,ambient,85% spirulina / 15% NaCl,85,15,M2_ambient,region_20,region,20.0,4.0,5.0,peak_depth,Band6,5414-6065,5414,6065,0.00389013,P_Band6_5414-6065
M2,ambient,85% spirulina / 15% NaCl,85,15,M2_ambient,region_20,region,20.0,4.0,5.0,peak_depth,Band7,6065-7568,6065,7568,0.00526184,P_Band7_6065-7568
M2,ambient,85% spirulina / 15% NaCl,85,15,M2_ambient,region_20,region,20.0,4.0,5.0,peak_depth,Band8,7568-8980,7568,8980,0.00117641,P_Band8_7568-8980
M2,ambient,85% spirulina / 15% NaCl,85,15,M2_ambient,region_21,region,21.0,5.0,1.0,integral,Band1,4010-4192,4010,4192,0.0732654,I_Band1_4010-4192
M2,ambient,85% spirulina / 15% NaCl,85,15,M2_ambient,region_21,region,21.0,5.0,1.0,integral,Band2,4192-4488,4192,4488,0.688029,I_Band2_4192-4488
M2,ambient,85% spirulina / 15% NaCl,85,15,M2_ambient,region_21,region,21.0,5.0,1.0,integral,Band3,4488-4759,4488,4759,0.425571,I_Band3_4488-4759
M2,ambient,85% spirulina / 15% NaCl,85,15,M2_ambient,region_21,region,21.0,5.0,1.0,integral,Band4,4759-4956,4759,4956,0.234054,I_Band4_4759-4956
M2,ambient,85% spirulina / 15% NaCl,85,15,M2_ambient,region_21,region,21.0,5.0,1.0,integral,Band5,4956-5414,4956,5414,1.89027,I_Band5_4956-5414
M2,ambient,85% spirulina / 15% NaCl,85,15,M2_ambient,region_21,region,21.0,5.0,1.0,integral,Band6,5414-6065,5414,6065,1.2452,I_Band6_5414-6065
M2,ambient,85% spirulina / 15% NaCl,85,15,M2_ambient,region_21,region,21.0,5.0,1.0,integral,Band7,6065-7568,6065,7568,3.9645,I_Band7_6065-7568
M2,ambient,85% spirulina / 15% NaCl,85,15,M2_ambient,region_21,region,21.0,5.0,1.0,integral,Band8,7568-8980,7568,8980,0.518028,I_Band8_7568-8980
M2,ambient,85% spirulina / 15% NaCl,85,15,M2_ambient,region_21,region,21.0,5.0,1.0,peak_depth,Band1,4010-4192,4010,4192,0.00133638,P_Band1_4010-4192
M2,ambient,85% spirulina / 15% NaCl,85,15,M2_ambient,region_21,region,21.0,5.0,1.0,peak_depth,Band2,4192-4488,4192,4488,0.00443023,P_Band2_4192-4488
M2,ambient,85% spirulina / 15% NaCl,85,15,M2_ambient,region_21,region,21.0,5.0,1.0,peak_depth,Band3,4488-4759,4488,4759,0.00343645,P_Band3_4488-4759
M2,ambient,85% spirulina / 15% NaCl,85,15,M2_ambient,region_21,region,21.0,5.0,1.0,peak_depth,Band4,4759-4956,4759,4956,0.00266232,P_Band4_4759-4956
M2,ambient,85% spirulina / 15% NaCl,85,15,M2_ambient,region_21,region,21.0,5.0,1.0,peak_depth,Band5,4956-5414,4956,5414,0.0101007,P_Band5_4956-5414
M2,ambient,85% spirulina / 15% NaCl,85,15,M2_ambient,region_21,region,21.0,5.0,1.0,peak_depth,Band6,5414-6065,5414,6065,0.00405844,P_Band6_5414-6065
M2,ambient,85% spirulina / 15% NaCl,85,15,M2_ambient,region_21,region,21.0,5.0,1.0,peak_depth,Band7,6065-7568,6065,7568,0.00541156,P_Band7_6065-7568
M2,ambient,85% spirulina / 15% NaCl,85,15,M2_ambient,region_21,region,21.0,5.0,1.0,peak_depth,Band8,7568-8980,7568,8980,0.00116926,P_Band8_7568-8980
M2,ambient,85% spirulina / 15% NaCl,85,15,M2_ambient,region_22,region,22.0,5.0,2.0,integral,Band1,4010-4192,4010,4192,0.0705111,I_Band1_4010-4192
M2,ambient,85% spirulina / 15% NaCl,85,15,M2_ambient,region_22,region,22.0,5.0,2.0,integral,Band2,4192-4488,4192,4488,0.683531,I_Band2_4192-4488
M2,ambient,85% spirulina / 15% NaCl,85,15,M2_ambient,region_22,region,22.0,5.0,2.0,integral,Band3,4488-4759,4488,4759,0.397839,I_Band3_4488-4759
M2,ambient,85% spirulina / 15% NaCl,85,15,M2_ambient,region_22,region,22.0,5.0,2.0,integral,Band4,4759-4956,4759,4956,0.22041,I_Band4_4759-4956
M2,ambient,85% spirulina / 15% NaCl,85,15,M2_ambient,region_22,region,22.0,5.0,2.0,integral,Band5,4956-5414,4956,5414,1.74105,I_Band5_4956-5414
M2,ambient,85% spirulina / 15% NaCl,85,15,M2_ambient,region_22,region,22.0,5.0,2.0,integral,Band6,5414-6065,5414,6065,1.10894,I_Band6_5414-6065
M2,ambient,85% spirulina / 15% NaCl,85,15,M2_ambient,region_22,region,22.0,5.0,2.0,integral,Band7,6065-7568,6065,7568,3.60022,I_Band7_6065-7568
M2,ambient,85% spirulina / 15% NaCl,85,15,M2_ambient,region_22,region,22.0,5.0,2.0,integral,Band8,7568-8980,7568,8980,0.426112,I_Band8_7568-8980
M2,ambient,85% spirulina / 15% NaCl,85,15,M2_ambient,region_22,region,22.0,5.0,2.0,peak_depth,Band1,4010-4192,4010,4192,0.00129633,P_Band1_4010-4192
M2,ambient,85% spirulina / 15% NaCl,85,15,M2_ambient,region_22,region,22.0,5.0,2.0,peak_depth,Band2,4192-4488,4192,4488,0.00443676,P_Band2_4192-4488
M2,ambient,85% spirulina / 15% NaCl,85,15,M2_ambient,region_22,region,22.0,5.0,2.0,peak_depth,Band3,4488-4759,4488,4759,0.00320413,P_Band3_4488-4759
M2,ambient,85% spirulina / 15% NaCl,85,15,M2_ambient,region_22,region,22.0,5.0,2.0,peak_depth,Band4,4759-4956,4759,4956,0.00248801,P_Band4_4759-4956
M2,ambient,85% spirulina / 15% NaCl,85,15,M2_ambient,region_22,region,22.0,5.0,2.0,peak_depth,Band5,4956-5414,4956,5414,0.00940761,P_Band5_4956-5414
M2,ambient,85% spirulina / 15% NaCl,85,15,M2_ambient,region_22,region,22.0,5.0,2.0,peak_depth,Band6,5414-6065,5414,6065,0.00365321,P_Band6_5414-6065
M2,ambient,85% spirulina / 15% NaCl,85,15,M2_ambient,region_22,region,22.0,5.0,2.0,peak_depth,Band7,6065-7568,6065,7568,0.00488554,P_Band7_6065-7568
M2,ambient,85% spirulina / 15% NaCl,85,15,M2_ambient,region_22,region,22.0,5.0,2.0,peak_depth,Band8,7568-8980,7568,8980,0.00102518,P_Band8_7568-8980
M2,ambient,85% spirulina / 15% NaCl,85,15,M2_ambient,region_23,region,23.0,5.0,3.0,integral,Band1,4010-4192,4010,4192,0.0905394,I_Band1_4010-4192
M2,ambient,85% spirulina / 15% NaCl,85,15,M2_ambient,region_23,region,23.0,5.0,3.0,integral,Band2,4192-4488,4192,4488,0.703185,I_Band2_4192-4488
M2,ambient,85% spirulina / 15% NaCl,85,15,M2_ambient,region_23,region,23.0,5.0,3.0,integral,Band3,4488-4759,4488,4759,0.413019,I_Band3_4488-4759
M2,ambient,85% spirulina / 15% NaCl,85,15,M2_ambient,region_23,region,23.0,5.0,3.0,integral,Band4,4759-4956,4759,4956,0.226054,I_Band4_4759-4956
M2,ambient,85% spirulina / 15% NaCl,85,15,M2_ambient,region_23,region,23.0,5.0,3.0,integral,Band5,4956-5414,4956,5414,1.76421,I_Band5_4956-5414
M2,ambient,85% spirulina / 15% NaCl,85,15,M2_ambient,region_23,region,23.0,5.0,3.0,integral,Band6,5414-6065,5414,6065,1.1082,I_Band6_5414-6065
M2,ambient,85% spirulina / 15% NaCl,85,15,M2_ambient,region_23,region,23.0,5.0,3.0,integral,Band7,6065-7568,6065,7568,3.59178,I_Band7_6065-7568
M2,ambient,85% spirulina / 15% NaCl,85,15,M2_ambient,region_23,region,23.0,5.0,3.0,integral,Band8,7568-8980,7568,8980,0.456133,I_Band8_7568-8980
M2,ambient,85% spirulina / 15% NaCl,85,15,M2_ambient,region_23,region,23.0,5.0,3.0,peak_depth,Band1,4010-4192,4010,4192,0.00148584,P_Band1_4010-4192
M2,ambient,85% spirulina / 15% NaCl,85,15,M2_ambient,region_23,region,23.0,5.0,3.0,peak_depth,Band2,4192-4488,4192,4488,0.00450114,P_Band2_4192-4488
M2,ambient,85% spirulina / 15% NaCl,85,15,M2_ambient,region_23,region,23.0,5.0,3.0,peak_depth,Band3,4488-4759,4488,4759,0.00335497,P_Band3_4488-4759
M2,ambient,85% spirulina / 15% NaCl,85,15,M2_ambient,region_23,region,23.0,5.0,3.0,peak_depth,Band4,4759-4956,4759,4956,0.00259213,P_Band4_4759-4956
M2,ambient,85% spirulina / 15% NaCl,85,15,M2_ambient,region_23,region,23.0,5.0,3.0,peak_depth,Band5,4956-5414,4956,5414,0.00958087,P_Band5_4956-5414
M2,ambient,85% spirulina / 15% NaCl,85,15,M2_ambient,region_23,region,23.0,5.0,3.0,peak_depth,Band6,5414-6065,5414,6065,0.00357801,P_Band6_5414-6065
M2,ambient,85% spirulina / 15% NaCl,85,15,M2_ambient,region_23,region,23.0,5.0,3.0,peak_depth,Band7,6065-7568,6065,7568,0.00487846,P_Band7_6065-7568
M2,ambient,85% spirulina / 15% NaCl,85,15,M2_ambient,region_23,region,23.0,5.0,3.0,peak_depth,Band8,7568-8980,7568,8980,0.00104793,P_Band8_7568-8980
M2,ambient,85% spirulina / 15% NaCl,85,15,M2_ambient,region_24,region,24.0,5.0,4.0,integral,Band1,4010-4192,4010,4192,0.07438,I_Band1_4010-4192
M2,ambient,85% spirulina / 15% NaCl,85,15,M2_ambient,region_24,region,24.0,5.0,4.0,integral,Band2,4192-4488,4192,4488,0.749357,I_Band2_4192-4488
M2,ambient,85% spirulina / 15% NaCl,85,15,M2_ambient,region_24,region,24.0,5.0,4.0,integral,Band3,4488-4759,4488,4759,0.447976,I_Band3_4488-4759
M2,ambient,85% spirulina / 15% NaCl,85,15,M2_ambient,region_24,region,24.0,5.0,4.0,integral,Band4,4759-4956,4759,4956,0.246722,I_Band4_4759-4956
M2,ambient,85% spirulina / 15% NaCl,85,15,M2_ambient,region_24,region,24.0,5.0,4.0,integral,Band5,4956-5414,4956,5414,1.96857,I_Band5_4956-5414
M2,ambient,85% spirulina / 15% NaCl,85,15,M2_ambient,region_24,region,24.0,5.0,4.0,integral,Band6,5414-6065,5414,6065,1.27575,I_Band6_5414-6065
M2,ambient,85% spirulina / 15% NaCl,85,15,M2_ambient,region_24,region,24.0,5.0,4.0,integral,Band7,6065-7568,6065,7568,4.10118,I_Band7_6065-7568
M2,ambient,85% spirulina / 15% NaCl,85,15,M2_ambient,region_24,region,24.0,5.0,4.0,integral,Band8,7568-8980,7568,8980,0.499888,I_Band8_7568-8980
M2,ambient,85% spirulina / 15% NaCl,85,15,M2_ambient,region_24,region,24.0,5.0,4.0,peak_depth,Band1,4010-4192,4010,4192,0.00140059,P_Band1_4010-4192
M2,ambient,85% spirulina / 15% NaCl,85,15,M2_ambient,region_24,region,24.0,5.0,4.0,peak_depth,Band2,4192-4488,4192,4488,0.00484162,P_Band2_4192-4488
M2,ambient,85% spirulina / 15% NaCl,85,15,M2_ambient,region_24,region,24.0,5.0,4.0,peak_depth,Band3,4488-4759,4488,4759,0.00363703,P_Band3_4488-4759
M2,ambient,85% spirulina / 15% NaCl,85,15,M2_ambient,region_24,region,24.0,5.0,4.0,peak_depth,Band4,4759-4956,4759,4956,0.00281491,P_Band4_4759-4956
M2,ambient,85% spirulina / 15% NaCl,85,15,M2_ambient,region_24,region,24.0,5.0,4.0,peak_depth,Band5,4956-5414,4956,5414,0.0105742,P_Band5_4956-5414
M2,ambient,85% spirulina / 15% NaCl,85,15,M2_ambient,region_24,region,24.0,5.0,4.0,peak_depth,Band6,5414-6065,5414,6065,0.00410109,P_Band6_5414-6065
M2,ambient,85% spirulina / 15% NaCl,85,15,M2_ambient,region_24,region,24.0,5.0,4.0,peak_depth,Band7,6065-7568,6065,7568,0.00561784,P_Band7_6065-7568
M2,ambient,85% spirulina / 15% NaCl,85,15,M2_ambient,region_24,region,24.0,5.0,4.0,peak_depth,Band8,7568-8980,7568,8980,0.00124224,P_Band8_7568-8980
M2,ambient,85% spirulina / 15% NaCl,85,15,M2_ambient,region_25,region,25.0,5.0,5.0,integral,Band1,4010-4192,4010,4192,0.0643346,I_Band1_4010-4192
M2,ambient,85% spirulina / 15% NaCl,85,15,M2_ambient,region_25,region,25.0,5.0,5.0,integral,Band2,4192-4488,4192,4488,0.789796,I_Band2_4192-4488
M2,ambient,85% spirulina / 15% NaCl,85,15,M2_ambient,region_25,region,25.0,5.0,5.0,integral,Band3,4488-4759,4488,4759,0.475137,I_Band3_4488-4759
M2,ambient,85% spirulina / 15% NaCl,85,15,M2_ambient,region_25,region,25.0,5.0,5.0,integral,Band4,4759-4956,4759,4956,0.263517,I_Band4_4759-4956
M2,ambient,85% spirulina / 15% NaCl,85,15,M2_ambient,region_25,region,25.0,5.0,5.0,integral,Band5,4956-5414,4956,5414,2.13754,I_Band5_4956-5414
M2,ambient,85% spirulina / 15% NaCl,85,15,M2_ambient,region_25,region,25.0,5.0,5.0,integral,Band6,5414-6065,5414,6065,1.35296,I_Band6_5414-6065
M2,ambient,85% spirulina / 15% NaCl,85,15,M2_ambient,region_25,region,25.0,5.0,5.0,integral,Band7,6065-7568,6065,7568,4.32334,I_Band7_6065-7568
M2,ambient,85% spirulina / 15% NaCl,85,15,M2_ambient,region_25,region,25.0,5.0,5.0,integral,Band8,7568-8980,7568,8980,0.537206,I_Band8_7568-8980
M2,ambient,85% spirulina / 15% NaCl,85,15,M2_ambient,region_25,region,25.0,5.0,5.0,peak_depth,Band1,4010-4192,4010,4192,0.00138508,P_Band1_4010-4192
M2,ambient,85% spirulina / 15% NaCl,85,15,M2_ambient,region_25,region,25.0,5.0,5.0,peak_depth,Band2,4192-4488,4192,4488,0.00509816,P_Band2_4192-4488
M2,ambient,85% spirulina / 15% NaCl,85,15,M2_ambient,region_25,region,25.0,5.0,5.0,peak_depth,Band3,4488-4759,4488,4759,0.00392878,P_Band3_4488-4759
M2,ambient,85% spirulina / 15% NaCl,85,15,M2_ambient,region_25,region,25.0,5.0,5.0,peak_depth,Band4,4759-4956,4759,4956,0.00298664,P_Band4_4759-4956
M2,ambient,85% spirulina / 15% NaCl,85,15,M2_ambient,region_25,region,25.0,5.0,5.0,peak_depth,Band5,4956-5414,4956,5414,0.0114574,P_Band5_4956-5414
M2,ambient,85% spirulina / 15% NaCl,85,15,M2_ambient,region_25,region,25.0,5.0,5.0,peak_depth,Band6,5414-6065,5414,6065,0.0043777,P_Band6_5414-6065
M2,ambient,85% spirulina / 15% NaCl,85,15,M2_ambient,region_25,region,25.0,5.0,5.0,peak_depth,Band7,6065-7568,6065,7568,0.00588546,P_Band7_6065-7568
M2,ambient,85% spirulina / 15% NaCl,85,15,M2_ambient,region_25,region,25.0,5.0,5.0,peak_depth,Band8,7568-8980,7568,8980,0.00126423,P_Band8_7568-8980
M2,vacuum,85% spirulina / 15% NaCl,85,15,M2_vacuum,average,average,,,,integral,Band1,4010-4192,4010,4192,-0.0400266,I_Band1_4010-4192
M2,vacuum,85% spirulina / 15% NaCl,85,15,M2_vacuum,average,average,,,,integral,Band2,4192-4488,4192,4488,0.621359,I_Band2_4192-4488
M2,vacuum,85% spirulina / 15% NaCl,85,15,M2_vacuum,average,average,,,,integral,Band3,4488-4759,4488,4759,0.345707,I_Band3_4488-4759
M2,vacuum,85% spirulina / 15% NaCl,85,15,M2_vacuum,average,average,,,,integral,Band4,4759-4956,4759,4956,0.259936,I_Band4_4759-4956
M2,vacuum,85% spirulina / 15% NaCl,85,15,M2_vacuum,average,average,,,,integral,Band5,4956-5414,4956,5414,-0.586331,I_Band5_4956-5414
M2,vacuum,85% spirulina / 15% NaCl,85,15,M2_vacuum,average,average,,,,integral,Band6,5414-6065,5414,6065,0.995822,I_Band6_5414-6065
M2,vacuum,85% spirulina / 15% NaCl,85,15,M2_vacuum,average,average,,,,integral,Band7,6065-7568,6065,7568,1.29391,I_Band7_6065-7568
M2,vacuum,85% spirulina / 15% NaCl,85,15,M2_vacuum,average,average,,,,integral,Band8,7568-8980,7568,8980,0.346807,I_Band8_7568-8980
M2,vacuum,85% spirulina / 15% NaCl,85,15,M2_vacuum,average,average,,,,peak_depth,Band1,4010-4192,4010,4192,0.000392791,P_Band1_4010-4192
M2,vacuum,85% spirulina / 15% NaCl,85,15,M2_vacuum,average,average,,,,peak_depth,Band2,4192-4488,4192,4488,0.00387159,P_Band2_4192-4488
M2,vacuum,85% spirulina / 15% NaCl,85,15,M2_vacuum,average,average,,,,peak_depth,Band3,4488-4759,4488,4759,0.00274983,P_Band3_4488-4759
M2,vacuum,85% spirulina / 15% NaCl,85,15,M2_vacuum,average,average,,,,peak_depth,Band4,4759-4956,4759,4956,0.00264234,P_Band4_4759-4956
M2,vacuum,85% spirulina / 15% NaCl,85,15,M2_vacuum,average,average,,,,peak_depth,Band5,4956-5414,4956,5414,0.0,P_Band5_4956-5414
M2,vacuum,85% spirulina / 15% NaCl,85,15,M2_vacuum,average,average,,,,peak_depth,Band6,5414-6065,5414,6065,0.00322837,P_Band6_5414-6065
M2,vacuum,85% spirulina / 15% NaCl,85,15,M2_vacuum,average,average,,,,peak_depth,Band7,6065-7568,6065,7568,0.00249781,P_Band7_6065-7568
M2,vacuum,85% spirulina / 15% NaCl,85,15,M2_vacuum,average,average,,,,peak_depth,Band8,7568-8980,7568,8980,0.000772002,P_Band8_7568-8980
M2,vacuum,85% spirulina / 15% NaCl,85,15,M2_vacuum,region_01,region,1.0,1.0,1.0,integral,Band1,4010-4192,4010,4192,-0.0300001,I_Band1_4010-4192
M2,vacuum,85% spirulina / 15% NaCl,85,15,M2_vacuum,region_01,region,1.0,1.0,1.0,integral,Band2,4192-4488,4192,4488,0.460137,I_Band2_4192-4488
M2,vacuum,85% spirulina / 15% NaCl,85,15,M2_vacuum,region_01,region,1.0,1.0,1.0,integral,Band3,4488-4759,4488,4759,0.250777,I_Band3_4488-4759
M2,vacuum,85% spirulina / 15% NaCl,85,15,M2_vacuum,region_01,region,1.0,1.0,1.0,integral,Band4,4759-4956,4759,4956,0.184547,I_Band4_4759-4956
M2,vacuum,85% spirulina / 15% NaCl,85,15,M2_vacuum,region_01,region,1.0,1.0,1.0,integral,Band5,4956-5414,4956,5414,-0.423475,I_Band5_4956-5414
M2,vacuum,85% spirulina / 15% NaCl,85,15,M2_vacuum,region_01,region,1.0,1.0,1.0,integral,Band6,5414-6065,5414,6065,0.66845,I_Band6_5414-6065
M2,vacuum,85% spirulina / 15% NaCl,85,15,M2_vacuum,region_01,region,1.0,1.0,1.0,integral,Band7,6065-7568,6065,7568,0.815377,I_Band7_6065-7568
M2,vacuum,85% spirulina / 15% NaCl,85,15,M2_vacuum,region_01,region,1.0,1.0,1.0,integral,Band8,7568-8980,7568,8980,0.26876,I_Band8_7568-8980
M2,vacuum,85% spirulina / 15% NaCl,85,15,M2_vacuum,region_01,region,1.0,1.0,1.0,peak_depth,Band1,4010-4192,4010,4192,0.000253815,P_Band1_4010-4192
M2,vacuum,85% spirulina / 15% NaCl,85,15,M2_vacuum,region_01,region,1.0,1.0,1.0,peak_depth,Band2,4192-4488,4192,4488,0.00289733,P_Band2_4192-4488
M2,vacuum,85% spirulina / 15% NaCl,85,15,M2_vacuum,region_01,region,1.0,1.0,1.0,peak_depth,Band3,4488-4759,4488,4759,0.00198577,P_Band3_4488-4759
M2,vacuum,85% spirulina / 15% NaCl,85,15,M2_vacuum,region_01,region,1.0,1.0,1.0,peak_depth,Band4,4759-4956,4759,4956,0.00187703,P_Band4_4759-4956
M2,vacuum,85% spirulina / 15% NaCl,85,15,M2_vacuum,region_01,region,1.0,1.0,1.0,peak_depth,Band5,4956-5414,4956,5414,0.0,P_Band5_4956-5414
M2,vacuum,85% spirulina / 15% NaCl,85,15,M2_vacuum,region_01,region,1.0,1.0,1.0,peak_depth,Band6,5414-6065,5414,6065,0.00219692,P_Band6_5414-6065
M2,vacuum,85% spirulina / 15% NaCl,85,15,M2_vacuum,region_01,region,1.0,1.0,1.0,peak_depth,Band7,6065-7568,6065,7568,0.00163472,P_Band7_6065-7568
M2,vacuum,85% spirulina / 15% NaCl,85,15,M2_vacuum,region_01,region,1.0,1.0,1.0,peak_depth,Band8,7568-8980,7568,8980,0.000547261,P_Band8_7568-8980
M2,vacuum,85% spirulina / 15% NaCl,85,15,M2_vacuum,region_02,region,2.0,1.0,2.0,integral,Band1,4010-4192,4010,4192,-0.0249297,I_Band1_4010-4192
M2,vacuum,85% spirulina / 15% NaCl,85,15,M2_vacuum,region_02,region,2.0,1.0,2.0,integral,Band2,4192-4488,4192,4488,0.560724,I_Band2_4192-4488
M2,vacuum,85% spirulina / 15% NaCl,85,15,M2_vacuum,region_02,region,2.0,1.0,2.0,integral,Band3,4488-4759,4488,4759,0.298938,I_Band3_4488-4759
M2,vacuum,85% spirulina / 15% NaCl,85,15,M2_vacuum,region_02,region,2.0,1.0,2.0,integral,Band4,4759-4956,4759,4956,0.22819,I_Band4_4759-4956
M2,vacuum,85% spirulina / 15% NaCl,85,15,M2_vacuum,region_02,region,2.0,1.0,2.0,integral,Band5,4956-5414,4956,5414,-0.504274,I_Band5_4956-5414
M2,vacuum,85% spirulina / 15% NaCl,85,15,M2_vacuum,region_02,region,2.0,1.0,2.0,integral,Band6,5414-6065,5414,6065,0.827501,I_Band6_5414-6065
M2,vacuum,85% spirulina / 15% NaCl,85,15,M2_vacuum,region_02,region,2.0,1.0,2.0,integral,Band7,6065-7568,6065,7568,1.07406,I_Band7_6065-7568
M2,vacuum,85% spirulina / 15% NaCl,85,15,M2_vacuum,region_02,region,2.0,1.0,2.0,integral,Band8,7568-8980,7568,8980,0.286239,I_Band8_7568-8980
M2,vacuum,85% spirulina / 15% NaCl,85,15,M2_vacuum,region_02,region,2.0,1.0,2.0,peak_depth,Band1,4010-4192,4010,4192,0.000450733,P_Band1_4010-4192
M2,vacuum,85% spirulina / 15% NaCl,85,15,M2_vacuum,region_02,region,2.0,1.0,2.0,peak_depth,Band2,4192-4488,4192,4488,0.00349468,P_Band2_4192-4488
M2,vacuum,85% spirulina / 15% NaCl,85,15,M2_vacuum,region_02,region,2.0,1.0,2.0,peak_depth,Band3,4488-4759,4488,4759,0.00240606,P_Band3_4488-4759
M2,vacuum,85% spirulina / 15% NaCl,85,15,M2_vacuum,region_02,region,2.0,1.0,2.0,peak_depth,Band4,4759-4956,4759,4956,0.00231365,P_Band4_4759-4956
M2,vacuum,85% spirulina / 15% NaCl,85,15,M2_vacuum,region_02,region,2.0,1.0,2.0,peak_depth,Band5,4956-5414,4956,5414,0.0,P_Band5_4956-5414
M2,vacuum,85% spirulina / 15% NaCl,85,15,M2_vacuum,region_02,region,2.0,1.0,2.0,peak_depth,Band6,5414-6065,5414,6065,0.00268076,P_Band6_5414-6065
M2,vacuum,85% spirulina / 15% NaCl,85,15,M2_vacuum,region_02,region,2.0,1.0,2.0,peak_depth,Band7,6065-7568,6065,7568,0.00210431,P_Band7_6065-7568
M2,vacuum,85% spirulina / 15% NaCl,85,15,M2_vacuum,region_02,region,2.0,1.0,2.0,peak_depth,Band8,7568-8980,7568,8980,0.000695198,P_Band8_7568-8980
M2,vacuum,85% spirulina / 15% NaCl,85,15,M2_vacuum,region_03,region,3.0,1.0,3.0,integral,Band1,4010-4192,4010,4192,-0.0467812,I_Band1_4010-4192
M2,vacuum,85% spirulina / 15% NaCl,85,15,M2_vacuum,region_03,region,3.0,1.0,3.0,integral,Band2,4192-4488,4192,4488,0.675064,I_Band2_4192-4488
M2,vacuum,85% spirulina / 15% NaCl,85,15,M2_vacuum,region_03,region,3.0,1.0,3.0,integral,Band3,4488-4759,4488,4759,0.389048,I_Band3_4488-4759
M2,vacuum,85% spirulina / 15% NaCl,85,15,M2_vacuum,region_03,region,3.0,1.0,3.0,integral,Band4,4759-4956,4759,4956,0.279399,I_Band4_4759-4956
M2,vacuum,85% spirulina / 15% NaCl,85,15,M2_vacuum,region_03,region,3.0,1.0,3.0,integral,Band5,4956-5414,4956,5414,-0.630735,I_Band5_4956-5414
M2,vacuum,85% spirulina / 15% NaCl,85,15,M2_vacuum,region_03,region,3.0,1.0,3.0,integral,Band6,5414-6065,5414,6065,1.10861,I_Band6_5414-6065
M2,vacuum,85% spirulina / 15% NaCl,85,15,M2_vacuum,region_03,region,3.0,1.0,3.0,integral,Band7,6065-7568,6065,7568,1.38586,I_Band7_6065-7568
M2,vacuum,85% spirulina / 15% NaCl,85,15,M2_vacuum,region_03,region,3.0,1.0,3.0,integral,Band8,7568-8980,7568,8980,0.381015,I_Band8_7568-8980
M2,vacuum,85% spirulina / 15% NaCl,85,15,M2_vacuum,region_03,region,3.0,1.0,3.0,peak_depth,Band1,4010-4192,4010,4192,0.000420844,P_Band1_4010-4192
M2,vacuum,85% spirulina / 15% NaCl,85,15,M2_vacuum,region_03,region,3.0,1.0,3.0,peak_depth,Band2,4192-4488,4192,4488,0.00419996,P_Band2_4192-4488
M2,vacuum,85% spirulina / 15% NaCl,85,15,M2_vacuum,region_03,region,3.0,1.0,3.0,peak_depth,Band3,4488-4759,4488,4759,0.00305477,P_Band3_4488-4759
M2,vacuum,85% spirulina / 15% NaCl,85,15,M2_vacuum,region_03,region,3.0,1.0,3.0,peak_depth,Band4,4759-4956,4759,4956,0.00287293,P_Band4_4759-4956
M2,vacuum,85% spirulina / 15% NaCl,85,15,M2_vacuum,region_03,region,3.0,1.0,3.0,peak_depth,Band5,4956-5414,4956,5414,0.0,P_Band5_4956-5414
M2,vacuum,85% spirulina / 15% NaCl,85,15,M2_vacuum,region_03,region,3.0,1.0,3.0,peak_depth,Band6,5414-6065,5414,6065,0.00354834,P_Band6_5414-6065
M2,vacuum,85% spirulina / 15% NaCl,85,15,M2_vacuum,region_03,region,3.0,1.0,3.0,peak_depth,Band7,6065-7568,6065,7568,0.00272497,P_Band7_6065-7568
M2,vacuum,85% spirulina / 15% NaCl,85,15,M2_vacuum,region_03,region,3.0,1.0,3.0,peak_depth,Band8,7568-8980,7568,8980,0.000839865,P_Band8_7568-8980
M2,vacuum,85% spirulina / 15% NaCl,85,15,M2_vacuum,region_04,region,4.0,1.0,4.0,integral,Band1,4010-4192,4010,4192,-0.040782,I_Band1_4010-4192
M2,vacuum,85% spirulina / 15% NaCl,85,15,M2_vacuum,region_04,region,4.0,1.0,4.0,integral,Band2,4192-4488,4192,4488,0.713321,I_Band2_4192-4488
M2,vacuum,85% spirulina / 15% NaCl,85,15,M2_vacuum,region_04,region,4.0,1.0,4.0,integral,Band3,4488-4759,4488,4759,0.39241,I_Band3_4488-4759
M2,vacuum,85% spirulina / 15% NaCl,85,15,M2_vacuum,region_04,region,4.0,1.0,4.0,integral,Band4,4759-4956,4759,4956,0.297516,I_Band4_4759-4956
M2,vacuum,85% spirulina / 15% NaCl,85,15,M2_vacuum,region_04,region,4.0,1.0,4.0,integral,Band5,4956-5414,4956,5414,-0.661503,I_Band5_4956-5414
M2,vacuum,85% spirulina / 15% NaCl,85,15,M2_vacuum,region_04,region,4.0,1.0,4.0,integral,Band6,5414-6065,5414,6065,1.16876,I_Band6_5414-6065
M2,vacuum,85% spirulina / 15% NaCl,85,15,M2_vacuum,region_04,region,4.0,1.0,4.0,integral,Band7,6065-7568,6065,7568,1.47015,I_Band7_6065-7568
M2,vacuum,85% spirulina / 15% NaCl,85,15,M2_vacuum,region_04,region,4.0,1.0,4.0,integral,Band8,7568-8980,7568,8980,0.43517,I_Band8_7568-8980
M2,vacuum,85% spirulina / 15% NaCl,85,15,M2_vacuum,region_04,region,4.0,1.0,4.0,peak_depth,Band1,4010-4192,4010,4192,0.000501243,P_Band1_4010-4192
M2,vacuum,85% spirulina / 15% NaCl,85,15,M2_vacuum,region_04,region,4.0,1.0,4.0,peak_depth,Band2,4192-4488,4192,4488,0.00445946,P_Band2_4192-4488
M2,vacuum,85% spirulina / 15% NaCl,85,15,M2_vacuum,region_04,region,4.0,1.0,4.0,peak_depth,Band3,4488-4759,4488,4759,0.00314512,P_Band3_4488-4759
M2,vacuum,85% spirulina / 15% NaCl,85,15,M2_vacuum,region_04,region,4.0,1.0,4.0,peak_depth,Band4,4759-4956,4759,4956,0.00303037,P_Band4_4759-4956
M2,vacuum,85% spirulina / 15% NaCl,85,15,M2_vacuum,region_04,region,4.0,1.0,4.0,peak_depth,Band5,4956-5414,4956,5414,0.0,P_Band5_4956-5414
M2,vacuum,85% spirulina / 15% NaCl,85,15,M2_vacuum,region_04,region,4.0,1.0,4.0,peak_depth,Band6,5414-6065,5414,6065,0.0037569,P_Band6_5414-6065
M2,vacuum,85% spirulina / 15% NaCl,85,15,M2_vacuum,region_04,region,4.0,1.0,4.0,peak_depth,Band7,6065-7568,6065,7568,0.00288653,P_Band7_6065-7568
M2,vacuum,85% spirulina / 15% NaCl,85,15,M2_vacuum,region_04,region,4.0,1.0,4.0,peak_depth,Band8,7568-8980,7568,8980,0.000950789,P_Band8_7568-8980
M2,vacuum,85% spirulina / 15% NaCl,85,15,M2_vacuum,region_05,region,5.0,1.0,5.0,integral,Band1,4010-4192,4010,4192,-0.0398019,I_Band1_4010-4192
M2,vacuum,85% spirulina / 15% NaCl,85,15,M2_vacuum,region_05,region,5.0,1.0,5.0,integral,Band2,4192-4488,4192,4488,0.651979,I_Band2_4192-4488
M2,vacuum,85% spirulina / 15% NaCl,85,15,M2_vacuum,region_05,region,5.0,1.0,5.0,integral,Band3,4488-4759,4488,4759,0.362283,I_Band3_4488-4759
M2,vacuum,85% spirulina / 15% NaCl,85,15,M2_vacuum,region_05,region,5.0,1.0,5.0,integral,Band4,4759-4956,4759,4956,0.276648,I_Band4_4759-4956
M2,vacuum,85% spirulina / 15% NaCl,85,15,M2_vacuum,region_05,region,5.0,1.0,5.0,integral,Band5,4956-5414,4956,5414,-0.610949,I_Band5_4956-5414
M2,vacuum,85% spirulina / 15% NaCl,85,15,M2_vacuum,region_05,region,5.0,1.0,5.0,integral,Band6,5414-6065,5414,6065,1.06316,I_Band6_5414-6065
M2,vacuum,85% spirulina / 15% NaCl,85,15,M2_vacuum,region_05,region,5.0,1.0,5.0,integral,Band7,6065-7568,6065,7568,1.33949,I_Band7_6065-7568
M2,vacuum,85% spirulina / 15% NaCl,85,15,M2_vacuum,region_05,region,5.0,1.0,5.0,integral,Band8,7568-8980,7568,8980,0.347707,I_Band8_7568-8980
M2,vacuum,85% spirulina / 15% NaCl,85,15,M2_vacuum,region_05,region,5.0,1.0,5.0,peak_depth,Band1,4010-4192,4010,4192,0.000451897,P_Band1_4010-4192
M2,vacuum,85% spirulina / 15% NaCl,85,15,M2_vacuum,region_05,region,5.0,1.0,5.0,peak_depth,Band2,4192-4488,4192,4488,0.00406055,P_Band2_4192-4488
M2,vacuum,85% spirulina / 15% NaCl,85,15,M2_vacuum,region_05,region,5.0,1.0,5.0,peak_depth,Band3,4488-4759,4488,4759,0.00289439,P_Band3_4488-4759
M2,vacuum,85% spirulina / 15% NaCl,85,15,M2_vacuum,region_05,region,5.0,1.0,5.0,peak_depth,Band4,4759-4956,4759,4956,0.00280943,P_Band4_4759-4956
M2,vacuum,85% spirulina / 15% NaCl,85,15,M2_vacuum,region_05,region,5.0,1.0,5.0,peak_depth,Band5,4956-5414,4956,5414,0.0,P_Band5_4956-5414
M2,vacuum,85% spirulina / 15% NaCl,85,15,M2_vacuum,region_05,region,5.0,1.0,5.0,peak_depth,Band6,5414-6065,5414,6065,0.00345324,P_Band6_5414-6065
M2,vacuum,85% spirulina / 15% NaCl,85,15,M2_vacuum,region_05,region,5.0,1.0,5.0,peak_depth,Band7,6065-7568,6065,7568,0.00259757,P_Band7_6065-7568
M2,vacuum,85% spirulina / 15% NaCl,85,15,M2_vacuum,region_05,region,5.0,1.0,5.0,peak_depth,Band8,7568-8980,7568,8980,0.000898747,P_Band8_7568-8980
M2,vacuum,85% spirulina / 15% NaCl,85,15,M2_vacuum,region_06,region,6.0,2.0,1.0,integral,Band1,4010-4192,4010,4192,-0.0407487,I_Band1_4010-4192
M2,vacuum,85% spirulina / 15% NaCl,85,15,M2_vacuum,region_06,region,6.0,2.0,1.0,integral,Band2,4192-4488,4192,4488,0.50116,I_Band2_4192-4488
M2,vacuum,85% spirulina / 15% NaCl,85,15,M2_vacuum,region_06,region,6.0,2.0,1.0,integral,Band3,4488-4759,4488,4759,0.284212,I_Band3_4488-4759
M2,vacuum,85% spirulina / 15% NaCl,85,15,M2_vacuum,region_06,region,6.0,2.0,1.0,integral,Band4,4759-4956,4759,4956,0.222536,I_Band4_4759-4956
M2,vacuum,85% spirulina / 15% NaCl,85,15,M2_vacuum,region_06,region,6.0,2.0,1.0,integral,Band5,4956-5414,4956,5414,-0.467734,I_Band5_4956-5414
M2,vacuum,85% spirulina / 15% NaCl,85,15,M2_vacuum,region_06,region,6.0,2.0,1.0,integral,Band6,5414-6065,5414,6065,0.867805,I_Band6_5414-6065
M2,vacuum,85% spirulina / 15% NaCl,85,15,M2_vacuum,region_06,region,6.0,2.0,1.0,integral,Band7,6065-7568,6065,7568,1.1037,I_Band7_6065-7568
M2,vacuum,85% spirulina / 15% NaCl,85,15,M2_vacuum,region_06,region,6.0,2.0,1.0,integral,Band8,7568-8980,7568,8980,0.316691,I_Band8_7568-8980
M2,vacuum,85% spirulina / 15% NaCl,85,15,M2_vacuum,region_06,region,6.0,2.0,1.0,peak_depth,Band1,4010-4192,4010,4192,0.000270639,P_Band1_4010-4192
M2,vacuum,85% spirulina / 15% NaCl,85,15,M2_vacuum,region_06,region,6.0,2.0,1.0,peak_depth,Band2,4192-4488,4192,4488,0.00311835,P_Band2_4192-4488
M2,vacuum,85% spirulina / 15% NaCl,85,15,M2_vacuum,region_06,region,6.0,2.0,1.0,peak_depth,Band3,4488-4759,4488,4759,0.00226035,P_Band3_4488-4759
M2,vacuum,85% spirulina / 15% NaCl,85,15,M2_vacuum,region_06,region,6.0,2.0,1.0,peak_depth,Band4,4759-4956,4759,4956,0.00225477,P_Band4_4759-4956
M2,vacuum,85% spirulina / 15% NaCl,85,15,M2_vacuum,region_06,region,6.0,2.0,1.0,peak_depth,Band5,4956-5414,4956,5414,0.0,P_Band5_4956-5414
M2,vacuum,85% spirulina / 15% NaCl,85,15,M2_vacuum,region_06,region,6.0,2.0,1.0,peak_depth,Band6,5414-6065,5414,6065,0.0027694,P_Band6_5414-6065
M2,vacuum,85% spirulina / 15% NaCl,85,15,M2_vacuum,region_06,region,6.0,2.0,1.0,peak_depth,Band7,6065-7568,6065,7568,0.00215616,P_Band7_6065-7568
M2,vacuum,85% spirulina / 15% NaCl,85,15,M2_vacuum,region_06,region,6.0,2.0,1.0,peak_depth,Band8,7568-8980,7568,8980,0.000667399,P_Band8_7568-8980
M2,vacuum,85% spirulina / 15% NaCl,85,15,M2_vacuum,region_07,region,7.0,2.0,2.0,integral,Band1,4010-4192,4010,4192,-0.0326713,I_Band1_4010-4192
M2,vacuum,85% spirulina / 15% NaCl,85,15,M2_vacuum,region_07,region,7.0,2.0,2.0,integral,Band2,4192-4488,4192,4488,0.576369,I_Band2_4192-4488
M2,vacuum,85% spirulina / 15% NaCl,85,15,M2_vacuum,region_07,region,7.0,2.0,2.0,integral,Band3,4488-4759,4488,4759,0.315753,I_Band3_4488-4759
M2,vacuum,85% spirulina / 15% NaCl,85,15,M2_vacuum,region_07,region,7.0,2.0,2.0,integral,Band4,4759-4956,4759,4956,0.237597,I_Band4_4759-4956
M2,vacuum,85% spirulina / 15% NaCl,85,15,M2_vacuum,region_07,region,7.0,2.0,2.0,integral,Band5,4956-5414,4956,5414,-0.526824,I_Band5_4956-5414
M2,vacuum,85% spirulina / 15% NaCl,85,15,M2_vacuum,region_07,region,7.0,2.0,2.0,integral,Band6,5414-6065,5414,6065,0.898197,I_Band6_5414-6065
M2,vacuum,85% spirulina / 15% NaCl,85,15,M2_vacuum,region_07,region,7.0,2.0,2.0,integral,Band7,6065-7568,6065,7568,1.10124,I_Band7_6065-7568
M2,vacuum,85% spirulina / 15% NaCl,85,15,M2_vacuum,region_07,region,7.0,2.0,2.0,integral,Band8,7568-8980,7568,8980,0.329158,I_Band8_7568-8980
M2,vacuum,85% spirulina / 15% NaCl,85,15,M2_vacuum,region_07,region,7.0,2.0,2.0,peak_depth,Band1,4010-4192,4010,4192,0.000366652,P_Band1_4010-4192
M2,vacuum,85% spirulina / 15% NaCl,85,15,M2_vacuum,region_07,region,7.0,2.0,2.0,peak_depth,Band2,4192-4488,4192,4488,0.00360711,P_Band2_4192-4488
M2,vacuum,85% spirulina / 15% NaCl,85,15,M2_vacuum,region_07,region,7.0,2.0,2.0,peak_depth,Band3,4488-4759,4488,4759,0.00257987,P_Band3_4488-4759
M2,vacuum,85% spirulina / 15% NaCl,85,15,M2_vacuum,region_07,region,7.0,2.0,2.0,peak_depth,Band4,4759-4956,4759,4956,0.00243394,P_Band4_4759-4956
M2,vacuum,85% spirulina / 15% NaCl,85,15,M2_vacuum,region_07,region,7.0,2.0,2.0,peak_depth,Band5,4956-5414,4956,5414,0.0,P_Band5_4956-5414
M2,vacuum,85% spirulina / 15% NaCl,85,15,M2_vacuum,region_07,region,7.0,2.0,2.0,peak_depth,Band6,5414-6065,5414,6065,0.00289714,P_Band6_5414-6065
M2,vacuum,85% spirulina / 15% NaCl,85,15,M2_vacuum,region_07,region,7.0,2.0,2.0,peak_depth,Band7,6065-7568,6065,7568,0.00220412,P_Band7_6065-7568
M2,vacuum,85% spirulina / 15% NaCl,85,15,M2_vacuum,region_07,region,7.0,2.0,2.0,peak_depth,Band8,7568-8980,7568,8980,0.000694642,P_Band8_7568-8980
M2,vacuum,85% spirulina / 15% NaCl,85,15,M2_vacuum,region_08,region,8.0,2.0,3.0,integral,Band1,4010-4192,4010,4192,-0.0435925,I_Band1_4010-4192
M2,vacuum,85% spirulina / 15% NaCl,85,15,M2_vacuum,region_08,region,8.0,2.0,3.0,integral,Band2,4192-4488,4192,4488,0.696059,I_Band2_4192-4488
M2,vacuum,85% spirulina / 15% NaCl,85,15,M2_vacuum,region_08,region,8.0,2.0,3.0,integral,Band3,4488-4759,4488,4759,0.390603,I_Band3_4488-4759
M2,vacuum,85% spirulina / 15% NaCl,85,15,M2_vacuum,region_08,region,8.0,2.0,3.0,integral,Band4,4759-4956,4759,4956,0.29474,I_Band4_4759-4956
M2,vacuum,85% spirulina / 15% NaCl,85,15,M2_vacuum,region_08,region,8.0,2.0,3.0,integral,Band5,4956-5414,4956,5414,-0.675583,I_Band5_4956-5414
M2,vacuum,85% spirulina / 15% NaCl,85,15,M2_vacuum,region_08,region,8.0,2.0,3.0,integral,Band6,5414-6065,5414,6065,1.12469,I_Band6_5414-6065
M2,vacuum,85% spirulina / 15% NaCl,85,15,M2_vacuum,region_08,region,8.0,2.0,3.0,integral,Band7,6065-7568,6065,7568,1.49736,I_Band7_6065-7568
M2,vacuum,85% spirulina / 15% NaCl,85,15,M2_vacuum,region_08,region,8.0,2.0,3.0,integral,Band8,7568-8980,7568,8980,0.388581,I_Band8_7568-8980
M2,vacuum,85% spirulina / 15% NaCl,85,15,M2_vacuum,region_08,region,8.0,2.0,3.0,peak_depth,Band1,4010-4192,4010,4192,0.000457185,P_Band1_4010-4192
M2,vacuum,85% spirulina / 15% NaCl,85,15,M2_vacuum,region_08,region,8.0,2.0,3.0,peak_depth,Band2,4192-4488,4192,4488,0.00432501,P_Band2_4192-4488
M2,vacuum,85% spirulina / 15% NaCl,85,15,M2_vacuum,region_08,region,8.0,2.0,3.0,peak_depth,Band3,4488-4759,4488,4759,0.0030839,P_Band3_4488-4759
M2,vacuum,85% spirulina / 15% NaCl,85,15,M2_vacuum,region_08,region,8.0,2.0,3.0,peak_depth,Band4,4759-4956,4759,4956,0.00299053,P_Band4_4759-4956
M2,vacuum,85% spirulina / 15% NaCl,85,15,M2_vacuum,region_08,region,8.0,2.0,3.0,peak_depth,Band5,4956-5414,4956,5414,0.0,P_Band5_4956-5414
M2,vacuum,85% spirulina / 15% NaCl,85,15,M2_vacuum,region_08,region,8.0,2.0,3.0,peak_depth,Band6,5414-6065,5414,6065,0.00365984,P_Band6_5414-6065
M2,vacuum,85% spirulina / 15% NaCl,85,15,M2_vacuum,region_08,region,8.0,2.0,3.0,peak_depth,Band7,6065-7568,6065,7568,0.00287994,P_Band7_6065-7568
M2,vacuum,85% spirulina / 15% NaCl,85,15,M2_vacuum,region_08,region,8.0,2.0,3.0,peak_depth,Band8,7568-8980,7568,8980,0.000890577,P_Band8_7568-8980
M2,vacuum,85% spirulina / 15% NaCl,85,15,M2_vacuum,region_09,region,9.0,2.0,4.0,integral,Band1,4010-4192,4010,4192,-0.0424328,I_Band1_4010-4192
M2,vacuum,85% spirulina / 15% NaCl,85,15,M2_vacuum,region_09,region,9.0,2.0,4.0,integral,Band2,4192-4488,4192,4488,0.774042,I_Band2_4192-4488
M2,vacuum,85% spirulina / 15% NaCl,85,15,M2_vacuum,region_09,region,9.0,2.0,4.0,integral,Band3,4488-4759,4488,4759,0.43677,I_Band3_4488-4759
M2,vacuum,85% spirulina / 15% NaCl,85,15,M2_vacuum,region_09,region,9.0,2.0,4.0,integral,Band4,4759-4956,4759,4956,0.326411,I_Band4_4759-4956
M2,vacuum,85% spirulina / 15% NaCl,85,15,M2_vacuum,region_09,region,9.0,2.0,4.0,integral,Band5,4956-5414,4956,5414,-0.731832,I_Band5_4956-5414
M2,vacuum,85% spirulina / 15% NaCl,85,15,M2_vacuum,region_09,region,9.0,2.0,4.0,integral,Band6,5414-6065,5414,6065,1.27589,I_Band6_5414-6065
M2,vacuum,85% spirulina / 15% NaCl,85,15,M2_vacuum,region_09,region,9.0,2.0,4.0,integral,Band7,6065-7568,6065,7568,1.62827,I_Band7_6065-7568
M2,vacuum,85% spirulina / 15% NaCl,85,15,M2_vacuum,region_09,region,9.0,2.0,4.0,integral,Band8,7568-8980,7568,8980,0.481628,I_Band8_7568-8980
M2,vacuum,85% spirulina / 15% NaCl,85,15,M2_vacuum,region_09,region,9.0,2.0,4.0,peak_depth,Band1,4010-4192,4010,4192,0.000486971,P_Band1_4010-4192
M2,vacuum,85% spirulina / 15% NaCl,85,15,M2_vacuum,region_09,region,9.0,2.0,4.0,peak_depth,Band2,4192-4488,4192,4488,0.00483004,P_Band2_4192-4488
M2,vacuum,85% spirulina / 15% NaCl,85,15,M2_vacuum,region_09,region,9.0,2.0,4.0,peak_depth,Band3,4488-4759,4488,4759,0.00347551,P_Band3_4488-4759
M2,vacuum,85% spirulina / 15% NaCl,85,15,M2_vacuum,region_09,region,9.0,2.0,4.0,peak_depth,Band4,4759-4956,4759,4956,0.00331487,P_Band4_4759-4956
M2,vacuum,85% spirulina / 15% NaCl,85,15,M2_vacuum,region_09,region,9.0,2.0,4.0,peak_depth,Band5,4956-5414,4956,5414,0.0,P_Band5_4956-5414
M2,vacuum,85% spirulina / 15% NaCl,85,15,M2_vacuum,region_09,region,9.0,2.0,4.0,peak_depth,Band6,5414-6065,5414,6065,0.00413353,P_Band6_5414-6065
M2,vacuum,85% spirulina / 15% NaCl,85,15,M2_vacuum,region_09,region,9.0,2.0,4.0,peak_depth,Band7,6065-7568,6065,7568,0.0031673,P_Band7_6065-7568
M2,vacuum,85% spirulina / 15% NaCl,85,15,M2_vacuum,region_09,region,9.0,2.0,4.0,peak_depth,Band8,7568-8980,7568,8980,0.000997835,P_Band8_7568-8980
M2,vacuum,85% spirulina / 15% NaCl,85,15,M2_vacuum,region_10,region,10.0,2.0,5.0,integral,Band1,4010-4192,4010,4192,-0.0486562,I_Band1_4010-4192
M2,vacuum,85% spirulina / 15% NaCl,85,15,M2_vacuum,region_10,region,10.0,2.0,5.0,integral,Band2,4192-4488,4192,4488,0.692588,I_Band2_4192-4488
M2,vacuum,85% spirulina / 15% NaCl,85,15,M2_vacuum,region_10,region,10.0,2.0,5.0,integral,Band3,4488-4759,4488,4759,0.396945,I_Band3_4488-4759
M2,vacuum,85% spirulina / 15% NaCl,85,15,M2_vacuum,region_10,region,10.0,2.0,5.0,integral,Band4,4759-4956,4759,4956,0.301818,I_Band4_4759-4956
M2,vacuum,85% spirulina / 15% NaCl,85,15,M2_vacuum,region_10,region,10.0,2.0,5.0,integral,Band5,4956-5414,4956,5414,-0.672756,I_Band5_4956-5414
M2,vacuum,85% spirulina / 15% NaCl,85,15,M2_vacuum,region_10,region,10.0,2.0,5.0,integral,Band6,5414-6065,5414,6065,1.16923,I_Band6_5414-6065
M2,vacuum,85% spirulina / 15% NaCl,85,15,M2_vacuum,region_10,region,10.0,2.0,5.0,integral,Band7,6065-7568,6065,7568,1.52992,I_Band7_6065-7568
M2,vacuum,85% spirulina / 15% NaCl,85,15,M2_vacuum,region_10,region,10.0,2.0,5.0,integral,Band8,7568-8980,7568,8980,0.392752,I_Band8_7568-8980
M2,vacuum,85% spirulina / 15% NaCl,85,15,M2_vacuum,region_10,region,10.0,2.0,5.0,peak_depth,Band1,4010-4192,4010,4192,0.000393484,P_Band1_4010-4192
M2,vacuum,85% spirulina / 15% NaCl,85,15,M2_vacuum,region_10,region,10.0,2.0,5.0,peak_depth,Band2,4192-4488,4192,4488,0.0042995,P_Band2_4192-4488
M2,vacuum,85% spirulina / 15% NaCl,85,15,M2_vacuum,region_10,region,10.0,2.0,5.0,peak_depth,Band3,4488-4759,4488,4759,0.00314711,P_Band3_4488-4759
M2,vacuum,85% spirulina / 15% NaCl,85,15,M2_vacuum,region_10,region,10.0,2.0,5.0,peak_depth,Band4,4759-4956,4759,4956,0.003075,P_Band4_4759-4956
M2,vacuum,85% spirulina / 15% NaCl,85,15,M2_vacuum,region_10,region,10.0,2.0,5.0,peak_depth,Band5,4956-5414,4956,5414,0.0,P_Band5_4956-5414
M2,vacuum,85% spirulina / 15% NaCl,85,15,M2_vacuum,region_10,region,10.0,2.0,5.0,peak_depth,Band6,5414-6065,5414,6065,0.00378877,P_Band6_5414-6065
M2,vacuum,85% spirulina / 15% NaCl,85,15,M2_vacuum,region_10,region,10.0,2.0,5.0,peak_depth,Band7,6065-7568,6065,7568,0.00294063,P_Band7_6065-7568
M2,vacuum,85% spirulina / 15% NaCl,85,15,M2_vacuum,region_10,region,10.0,2.0,5.0,peak_depth,Band8,7568-8980,7568,8980,0.000917043,P_Band8_7568-8980
M2,vacuum,85% spirulina / 15% NaCl,85,15,M2_vacuum,region_11,region,11.0,3.0,1.0,integral,Band1,4010-4192,4010,4192,-0.0358147,I_Band1_4010-4192
M2,vacuum,85% spirulina / 15% NaCl,85,15,M2_vacuum,region_11,region,11.0,3.0,1.0,integral,Band2,4192-4488,4192,4488,0.546874,I_Band2_4192-4488
M2,vacuum,85% spirulina / 15% NaCl,85,15,M2_vacuum,region_11,region,11.0,3.0,1.0,integral,Band3,4488-4759,4488,4759,0.313459,I_Band3_4488-4759
M2,vacuum,85% spirulina / 15% NaCl,85,15,M2_vacuum,region_11,region,11.0,3.0,1.0,integral,Band4,4759-4956,4759,4956,0.24365,I_Band4_4759-4956
M2,vacuum,85% spirulina / 15% NaCl,85,15,M2_vacuum,region_11,region,11.0,3.0,1.0,integral,Band5,4956-5414,4956,5414,-0.560679,I_Band5_4956-5414
M2,vacuum,85% spirulina / 15% NaCl,85,15,M2_vacuum,region_11,region,11.0,3.0,1.0,integral,Band6,5414-6065,5414,6065,0.978386,I_Band6_5414-6065
M2,vacuum,85% spirulina / 15% NaCl,85,15,M2_vacuum,region_11,region,11.0,3.0,1.0,integral,Band7,6065-7568,6065,7568,1.25551,I_Band7_6065-7568
M2,vacuum,85% spirulina / 15% NaCl,85,15,M2_vacuum,region_11,region,11.0,3.0,1.0,integral,Band8,7568-8980,7568,8980,0.327983,I_Band8_7568-8980
M2,vacuum,85% spirulina / 15% NaCl,85,15,M2_vacuum,region_11,region,11.0,3.0,1.0,peak_depth,Band1,4010-4192,4010,4192,0.000329224,P_Band1_4010-4192
M2,vacuum,85% spirulina / 15% NaCl,85,15,M2_vacuum,region_11,region,11.0,3.0,1.0,peak_depth,Band2,4192-4488,4192,4488,0.00341854,P_Band2_4192-4488
M2,vacuum,85% spirulina / 15% NaCl,85,15,M2_vacuum,region_11,region,11.0,3.0,1.0,peak_depth,Band3,4488-4759,4488,4759,0.00249205,P_Band3_4488-4759
M2,vacuum,85% spirulina / 15% NaCl,85,15,M2_vacuum,region_11,region,11.0,3.0,1.0,peak_depth,Band4,4759-4956,4759,4956,0.00246447,P_Band4_4759-4956
M2,vacuum,85% spirulina / 15% NaCl,85,15,M2_vacuum,region_11,region,11.0,3.0,1.0,peak_depth,Band5,4956-5414,4956,5414,0.0,P_Band5_4956-5414
M2,vacuum,85% spirulina / 15% NaCl,85,15,M2_vacuum,region_11,region,11.0,3.0,1.0,peak_depth,Band6,5414-6065,5414,6065,0.00315363,P_Band6_5414-6065
M2,vacuum,85% spirulina / 15% NaCl,85,15,M2_vacuum,region_11,region,11.0,3.0,1.0,peak_depth,Band7,6065-7568,6065,7568,0.00244512,P_Band7_6065-7568
M2,vacuum,85% spirulina / 15% NaCl,85,15,M2_vacuum,region_11,region,11.0,3.0,1.0,peak_depth,Band8,7568-8980,7568,8980,0.000767571,P_Band8_7568-8980
M2,vacuum,85% spirulina / 15% NaCl,85,15,M2_vacuum,region_12,region,12.0,3.0,2.0,integral,Band1,4010-4192,4010,4192,-0.043198,I_Band1_4010-4192
M2,vacuum,85% spirulina / 15% NaCl,85,15,M2_vacuum,region_12,region,12.0,3.0,2.0,integral,Band2,4192-4488,4192,4488,0.626871,I_Band2_4192-4488
M2,vacuum,85% spirulina / 15% NaCl,85,15,M2_vacuum,region_12,region,12.0,3.0,2.0,integral,Band3,4488-4759,4488,4759,0.35517,I_Band3_4488-4759
M2,vacuum,85% spirulina / 15% NaCl,85,15,M2_vacuum,region_12,region,12.0,3.0,2.0,integral,Band4,4759-4956,4759,4956,0.265406,I_Band4_4759-4956
M2,vacuum,85% spirulina / 15% NaCl,85,15,M2_vacuum,region_12,region,12.0,3.0,2.0,integral,Band5,4956-5414,4956,5414,-0.587677,I_Band5_4956-5414
M2,vacuum,85% spirulina / 15% NaCl,85,15,M2_vacuum,region_12,region,12.0,3.0,2.0,integral,Band6,5414-6065,5414,6065,1.00044,I_Band6_5414-6065
M2,vacuum,85% spirulina / 15% NaCl,85,15,M2_vacuum,region_12,region,12.0,3.0,2.0,integral,Band7,6065-7568,6065,7568,1.25063,I_Band7_6065-7568
M2,vacuum,85% spirulina / 15% NaCl,85,15,M2_vacuum,region_12,region,12.0,3.0,2.0,integral,Band8,7568-8980,7568,8980,0.344874,I_Band8_7568-8980
M2,vacuum,85% spirulina / 15% NaCl,85,15,M2_vacuum,region_12,region,12.0,3.0,2.0,peak_depth,Band1,4010-4192,4010,4192,0.000364575,P_Band1_4010-4192
M2,vacuum,85% spirulina / 15% NaCl,85,15,M2_vacuum,region_12,region,12.0,3.0,2.0,peak_depth,Band2,4192-4488,4192,4488,0.00392649,P_Band2_4192-4488
M2,vacuum,85% spirulina / 15% NaCl,85,15,M2_vacuum,region_12,region,12.0,3.0,2.0,peak_depth,Band3,4488-4759,4488,4759,0.00282013,P_Band3_4488-4759
M2,vacuum,85% spirulina / 15% NaCl,85,15,M2_vacuum,region_12,region,12.0,3.0,2.0,peak_depth,Band4,4759-4956,4759,4956,0.00268699,P_Band4_4759-4956
M2,vacuum,85% spirulina / 15% NaCl,85,15,M2_vacuum,region_12,region,12.0,3.0,2.0,peak_depth,Band5,4956-5414,4956,5414,0.0,P_Band5_4956-5414
M2,vacuum,85% spirulina / 15% NaCl,85,15,M2_vacuum,region_12,region,12.0,3.0,2.0,peak_depth,Band6,5414-6065,5414,6065,0.00319109,P_Band6_5414-6065
M2,vacuum,85% spirulina / 15% NaCl,85,15,M2_vacuum,region_12,region,12.0,3.0,2.0,peak_depth,Band7,6065-7568,6065,7568,0.00243392,P_Band7_6065-7568
M2,vacuum,85% spirulina / 15% NaCl,85,15,M2_vacuum,region_12,region,12.0,3.0,2.0,peak_depth,Band8,7568-8980,7568,8980,0.000784034,P_Band8_7568-8980
M2,vacuum,85% spirulina / 15% NaCl,85,15,M2_vacuum,region_13,region,13.0,3.0,3.0,integral,Band1,4010-4192,4010,4192,-0.0381154,I_Band1_4010-4192
M2,vacuum,85% spirulina / 15% NaCl,85,15,M2_vacuum,region_13,region,13.0,3.0,3.0,integral,Band2,4192-4488,4192,4488,0.62149,I_Band2_4192-4488
M2,vacuum,85% spirulina / 15% NaCl,85,15,M2_vacuum,region_13,region,13.0,3.0,3.0,integral,Band3,4488-4759,4488,4759,0.332508,I_Band3_4488-4759
M2,vacuum,85% spirulina / 15% NaCl,85,15,M2_vacuum,region_13,region,13.0,3.0,3.0,integral,Band4,4759-4956,4759,4956,0.251147,I_Band4_4759-4956
M2,vacuum,85% spirulina / 15% NaCl,85,15,M2_vacuum,region_13,region,13.0,3.0,3.0,integral,Band5,4956-5414,4956,5414,-0.588518,I_Band5_4956-5414
M2,vacuum,85% spirulina / 15% NaCl,85,15,M2_vacuum,region_13,region,13.0,3.0,3.0,integral,Band6,5414-6065,5414,6065,0.953816,I_Band6_5414-6065
M2,vacuum,85% spirulina / 15% NaCl,85,15,M2_vacuum,region_13,region,13.0,3.0,3.0,integral,Band7,6065-7568,6065,7568,1.25562,I_Band7_6065-7568
M2,vacuum,85% spirulina / 15% NaCl,85,15,M2_vacuum,region_13,region,13.0,3.0,3.0,integral,Band8,7568-8980,7568,8980,0.430955,I_Band8_7568-8980
M2,vacuum,85% spirulina / 15% NaCl,85,15,M2_vacuum,region_13,region,13.0,3.0,3.0,peak_depth,Band1,4010-4192,4010,4192,0.000396705,P_Band1_4010-4192
M2,vacuum,85% spirulina / 15% NaCl,85,15,M2_vacuum,region_13,region,13.0,3.0,3.0,peak_depth,Band2,4192-4488,4192,4488,0.00386898,P_Band2_4192-4488
M2,vacuum,85% spirulina / 15% NaCl,85,15,M2_vacuum,region_13,region,13.0,3.0,3.0,peak_depth,Band3,4488-4759,4488,4759,0.00266662,P_Band3_4488-4759
M2,vacuum,85% spirulina / 15% NaCl,85,15,M2_vacuum,region_13,region,13.0,3.0,3.0,peak_depth,Band4,4759-4956,4759,4956,0.00255675,P_Band4_4759-4956
M2,vacuum,85% spirulina / 15% NaCl,85,15,M2_vacuum,region_13,region,13.0,3.0,3.0,peak_depth,Band5,4956-5414,4956,5414,0.0,P_Band5_4956-5414
M2,vacuum,85% spirulina / 15% NaCl,85,15,M2_vacuum,region_13,region,13.0,3.0,3.0,peak_depth,Band6,5414-6065,5414,6065,0.00310847,P_Band6_5414-6065
M2,vacuum,85% spirulina / 15% NaCl,85,15,M2_vacuum,region_13,region,13.0,3.0,3.0,peak_depth,Band7,6065-7568,6065,7568,0.00235018,P_Band7_6065-7568
M2,vacuum,85% spirulina / 15% NaCl,85,15,M2_vacuum,region_13,region,13.0,3.0,3.0,peak_depth,Band8,7568-8980,7568,8980,0.000840766,P_Band8_7568-8980
M2,vacuum,85% spirulina / 15% NaCl,85,15,M2_vacuum,region_14,region,14.0,3.0,4.0,integral,Band1,4010-4192,4010,4192,-0.0427506,I_Band1_4010-4192
M2,vacuum,85% spirulina / 15% NaCl,85,15,M2_vacuum,region_14,region,14.0,3.0,4.0,integral,Band2,4192-4488,4192,4488,0.678874,I_Band2_4192-4488
M2,vacuum,85% spirulina / 15% NaCl,85,15,M2_vacuum,region_14,region,14.0,3.0,4.0,integral,Band3,4488-4759,4488,4759,0.390743,I_Band3_4488-4759
M2,vacuum,85% spirulina / 15% NaCl,85,15,M2_vacuum,region_14,region,14.0,3.0,4.0,integral,Band4,4759-4956,4759,4956,0.294146,I_Band4_4759-4956
M2,vacuum,85% spirulina / 15% NaCl,85,15,M2_vacuum,region_14,region,14.0,3.0,4.0,integral,Band5,4956-5414,4956,5414,-0.64639,I_Band5_4956-5414
M2,vacuum,85% spirulina / 15% NaCl,85,15,M2_vacuum,region_14,region,14.0,3.0,4.0,integral,Band6,5414-6065,5414,6065,1.13077,I_Band6_5414-6065
M2,vacuum,85% spirulina / 15% NaCl,85,15,M2_vacuum,region_14,region,14.0,3.0,4.0,integral,Band7,6065-7568,6065,7568,1.50822,I_Band7_6065-7568
M2,vacuum,85% spirulina / 15% NaCl,85,15,M2_vacuum,region_14,region,14.0,3.0,4.0,integral,Band8,7568-8980,7568,8980,0.36194,I_Band8_7568-8980
M2,vacuum,85% spirulina / 15% NaCl,85,15,M2_vacuum,region_14,region,14.0,3.0,4.0,peak_depth,Band1,4010-4192,4010,4192,0.000421044,P_Band1_4010-4192
M2,vacuum,85% spirulina / 15% NaCl,85,15,M2_vacuum,region_14,region,14.0,3.0,4.0,peak_depth,Band2,4192-4488,4192,4488,0.00421863,P_Band2_4192-4488
M2,vacuum,85% spirulina / 15% NaCl,85,15,M2_vacuum,region_14,region,14.0,3.0,4.0,peak_depth,Band3,4488-4759,4488,4759,0.00310259,P_Band3_4488-4759
M2,vacuum,85% spirulina / 15% NaCl,85,15,M2_vacuum,region_14,region,14.0,3.0,4.0,peak_depth,Band4,4759-4956,4759,4956,0.00297672,P_Band4_4759-4956
M2,vacuum,85% spirulina / 15% NaCl,85,15,M2_vacuum,region_14,region,14.0,3.0,4.0,peak_depth,Band5,4956-5414,4956,5414,0.0,P_Band5_4956-5414
M2,vacuum,85% spirulina / 15% NaCl,85,15,M2_vacuum,region_14,region,14.0,3.0,4.0,peak_depth,Band6,5414-6065,5414,6065,0.00367162,P_Band6_5414-6065
M2,vacuum,85% spirulina / 15% NaCl,85,15,M2_vacuum,region_14,region,14.0,3.0,4.0,peak_depth,Band7,6065-7568,6065,7568,0.00283956,P_Band7_6065-7568
M2,vacuum,85% spirulina / 15% NaCl,85,15,M2_vacuum,region_14,region,14.0,3.0,4.0,peak_depth,Band8,7568-8980,7568,8980,0.000874811,P_Band8_7568-8980
M2,vacuum,85% spirulina / 15% NaCl,85,15,M2_vacuum,region_15,region,15.0,3.0,5.0,integral,Band1,4010-4192,4010,4192,-0.0380171,I_Band1_4010-4192
M2,vacuum,85% spirulina / 15% NaCl,85,15,M2_vacuum,region_15,region,15.0,3.0,5.0,integral,Band2,4192-4488,4192,4488,0.688659,I_Band2_4192-4488
M2,vacuum,85% spirulina / 15% NaCl,85,15,M2_vacuum,region_15,region,15.0,3.0,5.0,integral,Band3,4488-4759,4488,4759,0.372761,I_Band3_4488-4759
M2,vacuum,85% spirulina / 15% NaCl,85,15,M2_vacuum,region_15,region,15.0,3.0,5.0,integral,Band4,4759-4956,4759,4956,0.28324,I_Band4_4759-4956
M2,vacuum,85% spirulina / 15% NaCl,85,15,M2_vacuum,region_15,region,15.0,3.0,5.0,integral,Band5,4956-5414,4956,5414,-0.647929,I_Band5_4956-5414
M2,vacuum,85% spirulina / 15% NaCl,85,15,M2_vacuum,region_15,region,15.0,3.0,5.0,integral,Band6,5414-6065,5414,6065,1.08619,I_Band6_5414-6065
M2,vacuum,85% spirulina / 15% NaCl,85,15,M2_vacuum,region_15,region,15.0,3.0,5.0,integral,Band7,6065-7568,6065,7568,1.42416,I_Band7_6065-7568
M2,vacuum,85% spirulina / 15% NaCl,85,15,M2_vacuum,region_15,region,15.0,3.0,5.0,integral,Band8,7568-8980,7568,8980,0.361154,I_Band8_7568-8980
M2,vacuum,85% spirulina / 15% NaCl,85,15,M2_vacuum,region_15,region,15.0,3.0,5.0,peak_depth,Band1,4010-4192,4010,4192,0.000469883,P_Band1_4010-4192
M2,vacuum,85% spirulina / 15% NaCl,85,15,M2_vacuum,region_15,region,15.0,3.0,5.0,peak_depth,Band2,4192-4488,4192,4488,0.00432015,P_Band2_4192-4488
M2,vacuum,85% spirulina / 15% NaCl,85,15,M2_vacuum,region_15,region,15.0,3.0,5.0,peak_depth,Band3,4488-4759,4488,4759,0.00297343,P_Band3_4488-4759
M2,vacuum,85% spirulina / 15% NaCl,85,15,M2_vacuum,region_15,region,15.0,3.0,5.0,peak_depth,Band4,4759-4956,4759,4956,0.0028401,P_Band4_4759-4956
M2,vacuum,85% spirulina / 15% NaCl,85,15,M2_vacuum,region_15,region,15.0,3.0,5.0,peak_depth,Band5,4956-5414,4956,5414,0.0,P_Band5_4956-5414
M2,vacuum,85% spirulina / 15% NaCl,85,15,M2_vacuum,region_15,region,15.0,3.0,5.0,peak_depth,Band6,5414-6065,5414,6065,0.0034989,P_Band6_5414-6065
M2,vacuum,85% spirulina / 15% NaCl,85,15,M2_vacuum,region_15,region,15.0,3.0,5.0,peak_depth,Band7,6065-7568,6065,7568,0.00275375,P_Band7_6065-7568
M2,vacuum,85% spirulina / 15% NaCl,85,15,M2_vacuum,region_15,region,15.0,3.0,5.0,peak_depth,Band8,7568-8980,7568,8980,0.000863977,P_Band8_7568-8980
M2,vacuum,85% spirulina / 15% NaCl,85,15,M2_vacuum,region_16,region,16.0,4.0,1.0,integral,Band1,4010-4192,4010,4192,-0.0301184,I_Band1_4010-4192
M2,vacuum,85% spirulina / 15% NaCl,85,15,M2_vacuum,region_16,region,16.0,4.0,1.0,integral,Band2,4192-4488,4192,4488,0.536627,I_Band2_4192-4488
M2,vacuum,85% spirulina / 15% NaCl,85,15,M2_vacuum,region_16,region,16.0,4.0,1.0,integral,Band3,4488-4759,4488,4759,0.301395,I_Band3_4488-4759
M2,vacuum,85% spirulina / 15% NaCl,85,15,M2_vacuum,region_16,region,16.0,4.0,1.0,integral,Band4,4759-4956,4759,4956,0.222569,I_Band4_4759-4956
M2,vacuum,85% spirulina / 15% NaCl,85,15,M2_vacuum,region_16,region,16.0,4.0,1.0,integral,Band5,4956-5414,4956,5414,-0.510034,I_Band5_4956-5414
M2,vacuum,85% spirulina / 15% NaCl,85,15,M2_vacuum,region_16,region,16.0,4.0,1.0,integral,Band6,5414-6065,5414,6065,0.863654,I_Band6_5414-6065
M2,vacuum,85% spirulina / 15% NaCl,85,15,M2_vacuum,region_16,region,16.0,4.0,1.0,integral,Band7,6065-7568,6065,7568,1.0952,I_Band7_6065-7568
M2,vacuum,85% spirulina / 15% NaCl,85,15,M2_vacuum,region_16,region,16.0,4.0,1.0,integral,Band8,7568-8980,7568,8980,0.267105,I_Band8_7568-8980
M2,vacuum,85% spirulina / 15% NaCl,85,15,M2_vacuum,region_16,region,16.0,4.0,1.0,peak_depth,Band1,4010-4192,4010,4192,0.000402344,P_Band1_4010-4192
M2,vacuum,85% spirulina / 15% NaCl,85,15,M2_vacuum,region_16,region,16.0,4.0,1.0,peak_depth,Band2,4192-4488,4192,4488,0.00335532,P_Band2_4192-4488
M2,vacuum,85% spirulina / 15% NaCl,85,15,M2_vacuum,region_16,region,16.0,4.0,1.0,peak_depth,Band3,4488-4759,4488,4759,0.00238633,P_Band3_4488-4759
M2,vacuum,85% spirulina / 15% NaCl,85,15,M2_vacuum,region_16,region,16.0,4.0,1.0,peak_depth,Band4,4759-4956,4759,4956,0.00227815,P_Band4_4759-4956
M2,vacuum,85% spirulina / 15% NaCl,85,15,M2_vacuum,region_16,region,16.0,4.0,1.0,peak_depth,Band5,4956-5414,4956,5414,0.0,P_Band5_4956-5414
M2,vacuum,85% spirulina / 15% NaCl,85,15,M2_vacuum,region_16,region,16.0,4.0,1.0,peak_depth,Band6,5414-6065,5414,6065,0.00279012,P_Band6_5414-6065
M2,vacuum,85% spirulina / 15% NaCl,85,15,M2_vacuum,region_16,region,16.0,4.0,1.0,peak_depth,Band7,6065-7568,6065,7568,0.00211786,P_Band7_6065-7568
M2,vacuum,85% spirulina / 15% NaCl,85,15,M2_vacuum,region_16,region,16.0,4.0,1.0,peak_depth,Band8,7568-8980,7568,8980,0.000637608,P_Band8_7568-8980
M2,vacuum,85% spirulina / 15% NaCl,85,15,M2_vacuum,region_17,region,17.0,4.0,2.0,integral,Band1,4010-4192,4010,4192,-0.029176,I_Band1_4010-4192
M2,vacuum,85% spirulina / 15% NaCl,85,15,M2_vacuum,region_17,region,17.0,4.0,2.0,integral,Band2,4192-4488,4192,4488,0.594116,I_Band2_4192-4488
M2,vacuum,85% spirulina / 15% NaCl,85,15,M2_vacuum,region_17,region,17.0,4.0,2.0,integral,Band3,4488-4759,4488,4759,0.327256,I_Band3_4488-4759
M2,vacuum,85% spirulina / 15% NaCl,85,15,M2_vacuum,region_17,region,17.0,4.0,2.0,integral,Band4,4759-4956,4759,4956,0.244291,I_Band4_4759-4956
M2,vacuum,85% spirulina / 15% NaCl,85,15,M2_vacuum,region_17,region,17.0,4.0,2.0,integral,Band5,4956-5414,4956,5414,-0.561689,I_Band5_4956-5414
M2,vacuum,85% spirulina / 15% NaCl,85,15,M2_vacuum,region_17,region,17.0,4.0,2.0,integral,Band6,5414-6065,5414,6065,0.893121,I_Band6_5414-6065
M2,vacuum,85% spirulina / 15% NaCl,85,15,M2_vacuum,region_17,region,17.0,4.0,2.0,integral,Band7,6065-7568,6065,7568,1.1901,I_Band7_6065-7568
M2,vacuum,85% spirulina / 15% NaCl,85,15,M2_vacuum,region_17,region,17.0,4.0,2.0,integral,Band8,7568-8980,7568,8980,0.283162,I_Band8_7568-8980
M2,vacuum,85% spirulina / 15% NaCl,85,15,M2_vacuum,region_17,region,17.0,4.0,2.0,peak_depth,Band1,4010-4192,4010,4192,0.000414737,P_Band1_4010-4192
M2,vacuum,85% spirulina / 15% NaCl,85,15,M2_vacuum,region_17,region,17.0,4.0,2.0,peak_depth,Band2,4192-4488,4192,4488,0.00368831,P_Band2_4192-4488
M2,vacuum,85% spirulina / 15% NaCl,85,15,M2_vacuum,region_17,region,17.0,4.0,2.0,peak_depth,Band3,4488-4759,4488,4759,0.00257824,P_Band3_4488-4759
M2,vacuum,85% spirulina / 15% NaCl,85,15,M2_vacuum,region_17,region,17.0,4.0,2.0,peak_depth,Band4,4759-4956,4759,4956,0.00250506,P_Band4_4759-4956
M2,vacuum,85% spirulina / 15% NaCl,85,15,M2_vacuum,region_17,region,17.0,4.0,2.0,peak_depth,Band5,4956-5414,4956,5414,0.0,P_Band5_4956-5414
M2,vacuum,85% spirulina / 15% NaCl,85,15,M2_vacuum,region_17,region,17.0,4.0,2.0,peak_depth,Band6,5414-6065,5414,6065,0.00295327,P_Band6_5414-6065
M2,vacuum,85% spirulina / 15% NaCl,85,15,M2_vacuum,region_17,region,17.0,4.0,2.0,peak_depth,Band7,6065-7568,6065,7568,0.00230249,P_Band7_6065-7568
M2,vacuum,85% spirulina / 15% NaCl,85,15,M2_vacuum,region_17,region,17.0,4.0,2.0,peak_depth,Band8,7568-8980,7568,8980,0.000702397,P_Band8_7568-8980
M2,vacuum,85% spirulina / 15% NaCl,85,15,M2_vacuum,region_18,region,18.0,4.0,3.0,integral,Band1,4010-4192,4010,4192,-0.0404205,I_Band1_4010-4192
M2,vacuum,85% spirulina / 15% NaCl,85,15,M2_vacuum,region_18,region,18.0,4.0,3.0,integral,Band2,4192-4488,4192,4488,0.625212,I_Band2_4192-4488
M2,vacuum,85% spirulina / 15% NaCl,85,15,M2_vacuum,region_18,region,18.0,4.0,3.0,integral,Band3,4488-4759,4488,4759,0.348491,I_Band3_4488-4759
M2,vacuum,85% spirulina / 15% NaCl,85,15,M2_vacuum,region_18,region,18.0,4.0,3.0,integral,Band4,4759-4956,4759,4956,0.259502,I_Band4_4759-4956
M2,vacuum,85% spirulina / 15% NaCl,85,15,M2_vacuum,region_18,region,18.0,4.0,3.0,integral,Band5,4956-5414,4956,5414,-0.579205,I_Band5_4956-5414
M2,vacuum,85% spirulina / 15% NaCl,85,15,M2_vacuum,region_18,region,18.0,4.0,3.0,integral,Band6,5414-6065,5414,6065,0.971085,I_Band6_5414-6065
M2,vacuum,85% spirulina / 15% NaCl,85,15,M2_vacuum,region_18,region,18.0,4.0,3.0,integral,Band7,6065-7568,6065,7568,1.27888,I_Band7_6065-7568
M2,vacuum,85% spirulina / 15% NaCl,85,15,M2_vacuum,region_18,region,18.0,4.0,3.0,integral,Band8,7568-8980,7568,8980,0.298744,I_Band8_7568-8980
M2,vacuum,85% spirulina / 15% NaCl,85,15,M2_vacuum,region_18,region,18.0,4.0,3.0,peak_depth,Band1,4010-4192,4010,4192,0.000418479,P_Band1_4010-4192
M2,vacuum,85% spirulina / 15% NaCl,85,15,M2_vacuum,region_18,region,18.0,4.0,3.0,peak_depth,Band2,4192-4488,4192,4488,0.00390044,P_Band2_4192-4488
M2,vacuum,85% spirulina / 15% NaCl,85,15,M2_vacuum,region_18,region,18.0,4.0,3.0,peak_depth,Band3,4488-4759,4488,4759,0.00273678,P_Band3_4488-4759
M2,vacuum,85% spirulina / 15% NaCl,85,15,M2_vacuum,region_18,region,18.0,4.0,3.0,peak_depth,Band4,4759-4956,4759,4956,0.00263362,P_Band4_4759-4956
M2,vacuum,85% spirulina / 15% NaCl,85,15,M2_vacuum,region_18,region,18.0,4.0,3.0,peak_depth,Band5,4956-5414,4956,5414,0.0,P_Band5_4956-5414
M2,vacuum,85% spirulina / 15% NaCl,85,15,M2_vacuum,region_18,region,18.0,4.0,3.0,peak_depth,Band6,5414-6065,5414,6065,0.00316864,P_Band6_5414-6065
M2,vacuum,85% spirulina / 15% NaCl,85,15,M2_vacuum,region_18,region,18.0,4.0,3.0,peak_depth,Band7,6065-7568,6065,7568,0.0024589,P_Band7_6065-7568
M2,vacuum,85% spirulina / 15% NaCl,85,15,M2_vacuum,region_18,region,18.0,4.0,3.0,peak_depth,Band8,7568-8980,7568,8980,0.000708806,P_Band8_7568-8980
M2,vacuum,85% spirulina / 15% NaCl,85,15,M2_vacuum,region_19,region,19.0,4.0,4.0,integral,Band1,4010-4192,4010,4192,-0.0423879,I_Band1_4010-4192
M2,vacuum,85% spirulina / 15% NaCl,85,15,M2_vacuum,region_19,region,19.0,4.0,4.0,integral,Band2,4192-4488,4192,4488,0.67324,I_Band2_4192-4488
M2,vacuum,85% spirulina / 15% NaCl,85,15,M2_vacuum,region_19,region,19.0,4.0,4.0,integral,Band3,4488-4759,4488,4759,0.368357,I_Band3_4488-4759
M2,vacuum,85% spirulina / 15% NaCl,85,15,M2_vacuum,region_19,region,19.0,4.0,4.0,integral,Band4,4759-4956,4759,4956,0.282874,I_Band4_4759-4956
M2,vacuum,85% spirulina / 15% NaCl,85,15,M2_vacuum,region_19,region,19.0,4.0,4.0,integral,Band5,4956-5414,4956,5414,-0.625033,I_Band5_4956-5414
M2,vacuum,85% spirulina / 15% NaCl,85,15,M2_vacuum,region_19,region,19.0,4.0,4.0,integral,Band6,5414-6065,5414,6065,1.0923,I_Band6_5414-6065
M2,vacuum,85% spirulina / 15% NaCl,85,15,M2_vacuum,region_19,region,19.0,4.0,4.0,integral,Band7,6065-7568,6065,7568,1.3835,I_Band7_6065-7568
M2,vacuum,85% spirulina / 15% NaCl,85,15,M2_vacuum,region_19,region,19.0,4.0,4.0,integral,Band8,7568-8980,7568,8980,0.29925,I_Band8_7568-8980
M2,vacuum,85% spirulina / 15% NaCl,85,15,M2_vacuum,region_19,region,19.0,4.0,4.0,peak_depth,Band1,4010-4192,4010,4192,0.000419802,P_Band1_4010-4192
M2,vacuum,85% spirulina / 15% NaCl,85,15,M2_vacuum,region_19,region,19.0,4.0,4.0,peak_depth,Band2,4192-4488,4192,4488,0.0041732,P_Band2_4192-4488
M2,vacuum,85% spirulina / 15% NaCl,85,15,M2_vacuum,region_19,region,19.0,4.0,4.0,peak_depth,Band3,4488-4759,4488,4759,0.00292826,P_Band3_4488-4759
M2,vacuum,85% spirulina / 15% NaCl,85,15,M2_vacuum,region_19,region,19.0,4.0,4.0,peak_depth,Band4,4759-4956,4759,4956,0.00287456,P_Band4_4759-4956
M2,vacuum,85% spirulina / 15% NaCl,85,15,M2_vacuum,region_19,region,19.0,4.0,4.0,peak_depth,Band5,4956-5414,4956,5414,0.0,P_Band5_4956-5414
M2,vacuum,85% spirulina / 15% NaCl,85,15,M2_vacuum,region_19,region,19.0,4.0,4.0,peak_depth,Band6,5414-6065,5414,6065,0.0035424,P_Band6_5414-6065
M2,vacuum,85% spirulina / 15% NaCl,85,15,M2_vacuum,region_19,region,19.0,4.0,4.0,peak_depth,Band7,6065-7568,6065,7568,0.00275179,P_Band7_6065-7568
M2,vacuum,85% spirulina / 15% NaCl,85,15,M2_vacuum,region_19,region,19.0,4.0,4.0,peak_depth,Band8,7568-8980,7568,8980,0.000827732,P_Band8_7568-8980
M2,vacuum,85% spirulina / 15% NaCl,85,15,M2_vacuum,region_20,region,20.0,4.0,5.0,integral,Band1,4010-4192,4010,4192,-0.0506647,I_Band1_4010-4192
M2,vacuum,85% spirulina / 15% NaCl,85,15,M2_vacuum,region_20,region,20.0,4.0,5.0,integral,Band2,4192-4488,4192,4488,0.684167,I_Band2_4192-4488
M2,vacuum,85% spirulina / 15% NaCl,85,15,M2_vacuum,region_20,region,20.0,4.0,5.0,integral,Band3,4488-4759,4488,4759,0.375843,I_Band3_4488-4759
M2,vacuum,85% spirulina / 15% NaCl,85,15,M2_vacuum,region_20,region,20.0,4.0,5.0,integral,Band4,4759-4956,4759,4956,0.28306,I_Band4_4759-4956
M2,vacuum,85% spirulina / 15% NaCl,85,15,M2_vacuum,region_20,region,20.0,4.0,5.0,integral,Band5,4956-5414,4956,5414,-0.630605,I_Band5_4956-5414
M2,vacuum,85% spirulina / 15% NaCl,85,15,M2_vacuum,region_20,region,20.0,4.0,5.0,integral,Band6,5414-6065,5414,6065,1.05523,I_Band6_5414-6065
M2,vacuum,85% spirulina / 15% NaCl,85,15,M2_vacuum,region_20,region,20.0,4.0,5.0,integral,Band7,6065-7568,6065,7568,1.42467,I_Band7_6065-7568
M2,vacuum,85% spirulina / 15% NaCl,85,15,M2_vacuum,region_20,region,20.0,4.0,5.0,integral,Band8,7568-8980,7568,8980,0.383898,I_Band8_7568-8980
M2,vacuum,85% spirulina / 15% NaCl,85,15,M2_vacuum,region_20,region,20.0,4.0,5.0,peak_depth,Band1,4010-4192,4010,4192,0.000420509,P_Band1_4010-4192
M2,vacuum,85% spirulina / 15% NaCl,85,15,M2_vacuum,region_20,region,20.0,4.0,5.0,peak_depth,Band2,4192-4488,4192,4488,0.00424892,P_Band2_4192-4488
M2,vacuum,85% spirulina / 15% NaCl,85,15,M2_vacuum,region_20,region,20.0,4.0,5.0,peak_depth,Band3,4488-4759,4488,4759,0.00301249,P_Band3_4488-4759
M2,vacuum,85% spirulina / 15% NaCl,85,15,M2_vacuum,region_20,region,20.0,4.0,5.0,peak_depth,Band4,4759-4956,4759,4956,0.00288768,P_Band4_4759-4956
M2,vacuum,85% spirulina / 15% NaCl,85,15,M2_vacuum,region_20,region,20.0,4.0,5.0,peak_depth,Band5,4956-5414,4956,5414,0.0,P_Band5_4956-5414
M2,vacuum,85% spirulina / 15% NaCl,85,15,M2_vacuum,region_20,region,20.0,4.0,5.0,peak_depth,Band6,5414-6065,5414,6065,0.00343805,P_Band6_5414-6065
M2,vacuum,85% spirulina / 15% NaCl,85,15,M2_vacuum,region_20,region,20.0,4.0,5.0,peak_depth,Band7,6065-7568,6065,7568,0.00267633,P_Band7_6065-7568
M2,vacuum,85% spirulina / 15% NaCl,85,15,M2_vacuum,region_20,region,20.0,4.0,5.0,peak_depth,Band8,7568-8980,7568,8980,0.000818062,P_Band8_7568-8980
M2,vacuum,85% spirulina / 15% NaCl,85,15,M2_vacuum,region_21,region,21.0,5.0,1.0,integral,Band1,4010-4192,4010,4192,-0.0427132,I_Band1_4010-4192
M2,vacuum,85% spirulina / 15% NaCl,85,15,M2_vacuum,region_21,region,21.0,5.0,1.0,integral,Band2,4192-4488,4192,4488,0.49319,I_Band2_4192-4488
M2,vacuum,85% spirulina / 15% NaCl,85,15,M2_vacuum,region_21,region,21.0,5.0,1.0,integral,Band3,4488-4759,4488,4759,0.288207,I_Band3_4488-4759
M2,vacuum,85% spirulina / 15% NaCl,85,15,M2_vacuum,region_21,region,21.0,5.0,1.0,integral,Band4,4759-4956,4759,4956,0.206237,I_Band4_4759-4956
M2,vacuum,85% spirulina / 15% NaCl,85,15,M2_vacuum,region_21,region,21.0,5.0,1.0,integral,Band5,4956-5414,4956,5414,-0.500616,I_Band5_4956-5414
M2,vacuum,85% spirulina / 15% NaCl,85,15,M2_vacuum,region_21,region,21.0,5.0,1.0,integral,Band6,5414-6065,5414,6065,0.82518,I_Band6_5414-6065
M2,vacuum,85% spirulina / 15% NaCl,85,15,M2_vacuum,region_21,region,21.0,5.0,1.0,integral,Band7,6065-7568,6065,7568,1.09878,I_Band7_6065-7568
M2,vacuum,85% spirulina / 15% NaCl,85,15,M2_vacuum,region_21,region,21.0,5.0,1.0,integral,Band8,7568-8980,7568,8980,0.288559,I_Band8_7568-8980
M2,vacuum,85% spirulina / 15% NaCl,85,15,M2_vacuum,region_21,region,21.0,5.0,1.0,peak_depth,Band1,4010-4192,4010,4192,0.000234069,P_Band1_4010-4192
M2,vacuum,85% spirulina / 15% NaCl,85,15,M2_vacuum,region_21,region,21.0,5.0,1.0,peak_depth,Band2,4192-4488,4192,4488,0.00308988,P_Band2_4192-4488
M2,vacuum,85% spirulina / 15% NaCl,85,15,M2_vacuum,region_21,region,21.0,5.0,1.0,peak_depth,Band3,4488-4759,4488,4759,0.00229686,P_Band3_4488-4759
M2,vacuum,85% spirulina / 15% NaCl,85,15,M2_vacuum,region_21,region,21.0,5.0,1.0,peak_depth,Band4,4759-4956,4759,4956,0.00208886,P_Band4_4759-4956
M2,vacuum,85% spirulina / 15% NaCl,85,15,M2_vacuum,region_21,region,21.0,5.0,1.0,peak_depth,Band5,4956-5414,4956,5414,0.0,P_Band5_4956-5414
M2,vacuum,85% spirulina / 15% NaCl,85,15,M2_vacuum,region_21,region,21.0,5.0,1.0,peak_depth,Band6,5414-6065,5414,6065,0.00271805,P_Band6_5414-6065
M2,vacuum,85% spirulina / 15% NaCl,85,15,M2_vacuum,region_21,region,21.0,5.0,1.0,peak_depth,Band7,6065-7568,6065,7568,0.00215415,P_Band7_6065-7568
M2,vacuum,85% spirulina / 15% NaCl,85,15,M2_vacuum,region_21,region,21.0,5.0,1.0,peak_depth,Band8,7568-8980,7568,8980,0.000671602,P_Band8_7568-8980
M2,vacuum,85% spirulina / 15% NaCl,85,15,M2_vacuum,region_22,region,22.0,5.0,2.0,integral,Band1,4010-4192,4010,4192,-0.0333401,I_Band1_4010-4192
M2,vacuum,85% spirulina / 15% NaCl,85,15,M2_vacuum,region_22,region,22.0,5.0,2.0,integral,Band2,4192-4488,4192,4488,0.510526,I_Band2_4192-4488
M2,vacuum,85% spirulina / 15% NaCl,85,15,M2_vacuum,region_22,region,22.0,5.0,2.0,integral,Band3,4488-4759,4488,4759,0.278519,I_Band3_4488-4759
M2,vacuum,85% spirulina / 15% NaCl,85,15,M2_vacuum,region_22,region,22.0,5.0,2.0,integral,Band4,4759-4956,4759,4956,0.214733,I_Band4_4759-4956
M2,vacuum,85% spirulina / 15% NaCl,85,15,M2_vacuum,region_22,region,22.0,5.0,2.0,integral,Band5,4956-5414,4956,5414,-0.498087,I_Band5_4956-5414
M2,vacuum,85% spirulina / 15% NaCl,85,15,M2_vacuum,region_22,region,22.0,5.0,2.0,integral,Band6,5414-6065,5414,6065,0.813733,I_Band6_5414-6065
M2,vacuum,85% spirulina / 15% NaCl,85,15,M2_vacuum,region_22,region,22.0,5.0,2.0,integral,Band7,6065-7568,6065,7568,1.09712,I_Band7_6065-7568
M2,vacuum,85% spirulina / 15% NaCl,85,15,M2_vacuum,region_22,region,22.0,5.0,2.0,integral,Band8,7568-8980,7568,8980,0.28951,I_Band8_7568-8980
M2,vacuum,85% spirulina / 15% NaCl,85,15,M2_vacuum,region_22,region,22.0,5.0,2.0,peak_depth,Band1,4010-4192,4010,4192,0.000320112,P_Band1_4010-4192
M2,vacuum,85% spirulina / 15% NaCl,85,15,M2_vacuum,region_22,region,22.0,5.0,2.0,peak_depth,Band2,4192-4488,4192,4488,0.00317084,P_Band2_4192-4488
M2,vacuum,85% spirulina / 15% NaCl,85,15,M2_vacuum,region_22,region,22.0,5.0,2.0,peak_depth,Band3,4488-4759,4488,4759,0.00222004,P_Band3_4488-4759
M2,vacuum,85% spirulina / 15% NaCl,85,15,M2_vacuum,region_22,region,22.0,5.0,2.0,peak_depth,Band4,4759-4956,4759,4956,0.00217922,P_Band4_4759-4956
M2,vacuum,85% spirulina / 15% NaCl,85,15,M2_vacuum,region_22,region,22.0,5.0,2.0,peak_depth,Band5,4956-5414,4956,5414,0.0,P_Band5_4956-5414
M2,vacuum,85% spirulina / 15% NaCl,85,15,M2_vacuum,region_22,region,22.0,5.0,2.0,peak_depth,Band6,5414-6065,5414,6065,0.00261614,P_Band6_5414-6065
M2,vacuum,85% spirulina / 15% NaCl,85,15,M2_vacuum,region_22,region,22.0,5.0,2.0,peak_depth,Band7,6065-7568,6065,7568,0.00206228,P_Band7_6065-7568
M2,vacuum,85% spirulina / 15% NaCl,85,15,M2_vacuum,region_22,region,22.0,5.0,2.0,peak_depth,Band8,7568-8980,7568,8980,0.000660451,P_Band8_7568-8980
M2,vacuum,85% spirulina / 15% NaCl,85,15,M2_vacuum,region_23,region,23.0,5.0,3.0,integral,Band1,4010-4192,4010,4192,-0.042639,I_Band1_4010-4192
M2,vacuum,85% spirulina / 15% NaCl,85,15,M2_vacuum,region_23,region,23.0,5.0,3.0,integral,Band2,4192-4488,4192,4488,0.582858,I_Band2_4192-4488
M2,vacuum,85% spirulina / 15% NaCl,85,15,M2_vacuum,region_23,region,23.0,5.0,3.0,integral,Band3,4488-4759,4488,4759,0.316093,I_Band3_4488-4759
M2,vacuum,85% spirulina / 15% NaCl,85,15,M2_vacuum,region_23,region,23.0,5.0,3.0,integral,Band4,4759-4956,4759,4956,0.236986,I_Band4_4759-4956
M2,vacuum,85% spirulina / 15% NaCl,85,15,M2_vacuum,region_23,region,23.0,5.0,3.0,integral,Band5,4956-5414,4956,5414,-0.537429,I_Band5_4956-5414
M2,vacuum,85% spirulina / 15% NaCl,85,15,M2_vacuum,region_23,region,23.0,5.0,3.0,integral,Band6,5414-6065,5414,6065,0.883225,I_Band6_5414-6065
M2,vacuum,85% spirulina / 15% NaCl,85,15,M2_vacuum,region_23,region,23.0,5.0,3.0,integral,Band7,6065-7568,6065,7568,1.15757,I_Band7_6065-7568
M2,vacuum,85% spirulina / 15% NaCl,85,15,M2_vacuum,region_23,region,23.0,5.0,3.0,integral,Band8,7568-8980,7568,8980,0.324409,I_Band8_7568-8980
M2,vacuum,85% spirulina / 15% NaCl,85,15,M2_vacuum,region_23,region,23.0,5.0,3.0,peak_depth,Band1,4010-4192,4010,4192,0.000362959,P_Band1_4010-4192
M2,vacuum,85% spirulina / 15% NaCl,85,15,M2_vacuum,region_23,region,23.0,5.0,3.0,peak_depth,Band2,4192-4488,4192,4488,0.00360835,P_Band2_4192-4488
M2,vacuum,85% spirulina / 15% NaCl,85,15,M2_vacuum,region_23,region,23.0,5.0,3.0,peak_depth,Band3,4488-4759,4488,4759,0.00250741,P_Band3_4488-4759
M2,vacuum,85% spirulina / 15% NaCl,85,15,M2_vacuum,region_23,region,23.0,5.0,3.0,peak_depth,Band4,4759-4956,4759,4956,0.00240351,P_Band4_4759-4956
M2,vacuum,85% spirulina / 15% NaCl,85,15,M2_vacuum,region_23,region,23.0,5.0,3.0,peak_depth,Band5,4956-5414,4956,5414,0.0,P_Band5_4956-5414
M2,vacuum,85% spirulina / 15% NaCl,85,15,M2_vacuum,region_23,region,23.0,5.0,3.0,peak_depth,Band6,5414-6065,5414,6065,0.00289607,P_Band6_5414-6065
M2,vacuum,85% spirulina / 15% NaCl,85,15,M2_vacuum,region_23,region,23.0,5.0,3.0,peak_depth,Band7,6065-7568,6065,7568,0.00223312,P_Band7_6065-7568
M2,vacuum,85% spirulina / 15% NaCl,85,15,M2_vacuum,region_23,region,23.0,5.0,3.0,peak_depth,Band8,7568-8980,7568,8980,0.000710805,P_Band8_7568-8980
M2,vacuum,85% spirulina / 15% NaCl,85,15,M2_vacuum,region_24,region,24.0,5.0,4.0,integral,Band1,4010-4192,4010,4192,-0.0471353,I_Band1_4010-4192
M2,vacuum,85% spirulina / 15% NaCl,85,15,M2_vacuum,region_24,region,24.0,5.0,4.0,integral,Band2,4192-4488,4192,4488,0.644141,I_Band2_4192-4488
M2,vacuum,85% spirulina / 15% NaCl,85,15,M2_vacuum,region_24,region,24.0,5.0,4.0,integral,Band3,4488-4759,4488,4759,0.354271,I_Band3_4488-4759
M2,vacuum,85% spirulina / 15% NaCl,85,15,M2_vacuum,region_24,region,24.0,5.0,4.0,integral,Band4,4759-4956,4759,4956,0.261714,I_Band4_4759-4956
M2,vacuum,85% spirulina / 15% NaCl,85,15,M2_vacuum,region_24,region,24.0,5.0,4.0,integral,Band5,4956-5414,4956,5414,-0.602196,I_Band5_4956-5414
M2,vacuum,85% spirulina / 15% NaCl,85,15,M2_vacuum,region_24,region,24.0,5.0,4.0,integral,Band6,5414-6065,5414,6065,1.04398,I_Band6_5414-6065
M2,vacuum,85% spirulina / 15% NaCl,85,15,M2_vacuum,region_24,region,24.0,5.0,4.0,integral,Band7,6065-7568,6065,7568,1.45123,I_Band7_6065-7568
M2,vacuum,85% spirulina / 15% NaCl,85,15,M2_vacuum,region_24,region,24.0,5.0,4.0,integral,Band8,7568-8980,7568,8980,0.359623,I_Band8_7568-8980
M2,vacuum,85% spirulina / 15% NaCl,85,15,M2_vacuum,region_24,region,24.0,5.0,4.0,peak_depth,Band1,4010-4192,4010,4192,0.000394372,P_Band1_4010-4192
M2,vacuum,85% spirulina / 15% NaCl,85,15,M2_vacuum,region_24,region,24.0,5.0,4.0,peak_depth,Band2,4192-4488,4192,4488,0.00400698,P_Band2_4192-4488
M2,vacuum,85% spirulina / 15% NaCl,85,15,M2_vacuum,region_24,region,24.0,5.0,4.0,peak_depth,Band3,4488-4759,4488,4759,0.00282784,P_Band3_4488-4759
M2,vacuum,85% spirulina / 15% NaCl,85,15,M2_vacuum,region_24,region,24.0,5.0,4.0,peak_depth,Band4,4759-4956,4759,4956,0.00266789,P_Band4_4759-4956
M2,vacuum,85% spirulina / 15% NaCl,85,15,M2_vacuum,region_24,region,24.0,5.0,4.0,peak_depth,Band5,4956-5414,4956,5414,0.0,P_Band5_4956-5414
M2,vacuum,85% spirulina / 15% NaCl,85,15,M2_vacuum,region_24,region,24.0,5.0,4.0,peak_depth,Band6,5414-6065,5414,6065,0.00342754,P_Band6_5414-6065
M2,vacuum,85% spirulina / 15% NaCl,85,15,M2_vacuum,region_24,region,24.0,5.0,4.0,peak_depth,Band7,6065-7568,6065,7568,0.00273291,P_Band7_6065-7568
M2,vacuum,85% spirulina / 15% NaCl,85,15,M2_vacuum,region_24,region,24.0,5.0,4.0,peak_depth,Band8,7568-8980,7568,8980,0.000838807,P_Band8_7568-8980
M2,vacuum,85% spirulina / 15% NaCl,85,15,M2_vacuum,region_25,region,25.0,5.0,5.0,integral,Band1,4010-4192,4010,4192,-0.0537782,I_Band1_4010-4192
M2,vacuum,85% spirulina / 15% NaCl,85,15,M2_vacuum,region_25,region,25.0,5.0,5.0,integral,Band2,4192-4488,4192,4488,0.725699,I_Band2_4192-4488
M2,vacuum,85% spirulina / 15% NaCl,85,15,M2_vacuum,region_25,region,25.0,5.0,5.0,integral,Band3,4488-4759,4488,4759,0.401863,I_Band3_4488-4759
M2,vacuum,85% spirulina / 15% NaCl,85,15,M2_vacuum,region_25,region,25.0,5.0,5.0,integral,Band4,4759-4956,4759,4956,0.299434,I_Band4_4759-4956
M2,vacuum,85% spirulina / 15% NaCl,85,15,M2_vacuum,region_25,region,25.0,5.0,5.0,integral,Band5,4956-5414,4956,5414,-0.676512,I_Band5_4956-5414
M2,vacuum,85% spirulina / 15% NaCl,85,15,M2_vacuum,region_25,region,25.0,5.0,5.0,integral,Band6,5414-6065,5414,6065,1.13216,I_Band6_5414-6065
M2,vacuum,85% spirulina / 15% NaCl,85,15,M2_vacuum,region_25,region,25.0,5.0,5.0,integral,Band7,6065-7568,6065,7568,1.53106,I_Band7_6065-7568
M2,vacuum,85% spirulina / 15% NaCl,85,15,M2_vacuum,region_25,region,25.0,5.0,5.0,integral,Band8,7568-8980,7568,8980,0.421317,I_Band8_7568-8980
M2,vacuum,85% spirulina / 15% NaCl,85,15,M2_vacuum,region_25,region,25.0,5.0,5.0,peak_depth,Band1,4010-4192,4010,4192,0.000416481,P_Band1_4010-4192
M2,vacuum,85% spirulina / 15% NaCl,85,15,M2_vacuum,region_25,region,25.0,5.0,5.0,peak_depth,Band2,4192-4488,4192,4488,0.00450544,P_Band2_4192-4488
M2,vacuum,85% spirulina / 15% NaCl,85,15,M2_vacuum,region_25,region,25.0,5.0,5.0,peak_depth,Band3,4488-4759,4488,4759,0.00316419,P_Band3_4488-4759
M2,vacuum,85% spirulina / 15% NaCl,85,15,M2_vacuum,region_25,region,25.0,5.0,5.0,peak_depth,Band4,4759-4956,4759,4956,0.00304233,P_Band4_4759-4956
M2,vacuum,85% spirulina / 15% NaCl,85,15,M2_vacuum,region_25,region,25.0,5.0,5.0,peak_depth,Band5,4956-5414,4956,5414,0.0,P_Band5_4956-5414
M2,vacuum,85% spirulina / 15% NaCl,85,15,M2_vacuum,region_25,region,25.0,5.0,5.0,peak_depth,Band6,5414-6065,5414,6065,0.00365748,P_Band6_5414-6065
M2,vacuum,85% spirulina / 15% NaCl,85,15,M2_vacuum,region_25,region,25.0,5.0,5.0,peak_depth,Band7,6065-7568,6065,7568,0.0028923,P_Band7_6065-7568
M2,vacuum,85% spirulina / 15% NaCl,85,15,M2_vacuum,region_25,region,25.0,5.0,5.0,peak_depth,Band8,7568-8980,7568,8980,0.000926869,P_Band8_7568-8980
